f_Hz,absZfuente_ohm
10,0.00590738
10.1014,0.00592444
10.2038,0.0059418
10.3072,0.00595946
10.4117,0.00597742
10.5173,0.0059957
10.6239,0.00601429
10.7316,0.00603321
10.8404,0.00605244
10.9503,0.00607201
11.0613,0.00609192
11.1734,0.00611216
11.2867,0.00613275
11.4011,0.00615368
11.5167,0.00617497
11.6334,0.00619662
11.7513,0.00621864
11.8705,0.00624102
11.9908,0.00626378
12.1124,0.00628692
12.2352,0.00631045
12.3592,0.00633436
12.4845,0.00635867
12.611,0.00638338
12.7389,0.0064085
12.868,0.00643403
12.9985,0.00645998
13.1302,0.00648635
13.2634,0.00651315
13.3978,0.00654039
13.5336,0.00656806
13.6708,0.00659618
13.8094,0.00662475
13.9494,0.00665378
14.0908,0.00668328
14.2337,0.00671324
14.378,0.00674368
14.5237,0.00677459
14.6709,0.006806
14.8197,0.0068379
14.9699,0.0068703
15.1217,0.00690321
15.275,0.00693662
15.4298,0.00697056
15.5862,0.00700502
15.7442,0.00704001
15.9038,0.00707554
16.0651,0.00711161
16.2279,0.00714824
16.3924,0.00718542
16.5586,0.00722316
16.7265,0.00726147
16.896,0.00730037
17.0673,0.00733984
17.2403,0.00737991
17.4151,0.00742057
17.5917,0.00746184
17.77,0.00750371
17.9501,0.00754621
18.1321,0.00758933
18.3159,0.00763308
18.5016,0.00767748
18.6891,0.00772252
18.8786,0.00776821
19.07,0.00781456
19.2633,0.00786158
19.4586,0.00790928
19.6559,0.00795766
19.8551,0.00800673
20.0564,0.0080565
20.2597,0.00810698
20.4651,0.00815817
20.6726,0.00821008
20.8821,0.00826271
21.0938,0.00831609
21.3077,0.00837021
21.5237,0.00842508
21.7419,0.00848071
21.9623,0.00853711
22.1849,0.00859429
22.4098,0.00865225
22.637,0.00871101
22.8665,0.00877056
23.0983,0.00883093
23.3324,0.00889211
23.569,0.00895412
23.8079,0.00901697
24.0492,0.00908066
24.293,0.0091452
24.5393,0.0092106
24.7881,0.00927688
25.0394,0.00934403
25.2932,0.00941207
25.5496,0.00948101
25.8086,0.00955085
26.0702,0.00962161
26.3345,0.0096933
26.6015,0.00976592
26.8712,0.00983948
27.1436,0.009914
27.4187,0.00998948
27.6967,0.0100659
27.9775,0.0101434
28.2611,0.0102218
28.5476,0.0103012
28.837,0.0103817
29.1293,0.0104631
29.4246,0.0105456
29.7229,0.0106292
30.0242,0.0107138
30.3286,0.0107994
30.6361,0.0108862
30.9466,0.010974
31.2603,0.0110629
31.5772,0.011153
31.8974,0.0112441
32.2207,0.0113364
32.5474,0.0114299
32.8773,0.0115244
33.2106,0.0116202
33.5473,0.0117171
33.8873,0.0118152
34.2309,0.0119146
34.5779,0.0120151
34.9284,0.0121169
35.2825,0.0122199
35.6402,0.0123241
36.0015,0.0124297
36.3664,0.0125365
36.7351,0.0126446
37.1075,0.012754
37.4837,0.0128647
37.8637,0.0129768
38.2475,0.0130902
38.6353,0.0132049
39.0269,0.0133211
39.4225,0.0134386
39.8222,0.0135575
40.2259,0.0136779
40.6337,0.0137996
41.0456,0.0139229
41.4617,0.0140475
41.882,0.0141737
42.3066,0.0143014
42.7355,0.0144306
43.1687,0.0145613
43.6063,0.0146935
44.0484,0.0148273
44.4949,0.0149627
44.946,0.0150997
45.4016,0.0152383
45.8619,0.0153785
46.3268,0.0155203
46.7964,0.0156639
47.2708,0.0158091
47.75,0.015956
48.2341,0.0161046
48.7231,0.016255
49.217,0.0164071
49.7159,0.016561
50.2199,0.0167168
50.729,0.0168743
51.2433,0.0170336
51.7628,0.0171949
52.2875,0.017358
52.8176,0.017523
53.353,0.0176899
53.8939,0.0178588
54.4402,0.0180296
54.9921,0.0182025
55.5496,0.0183773
56.1127,0.0185542
56.6816,0.0187332
57.2562,0.0189142
57.8366,0.0190974
58.4229,0.0192827
59.0152,0.0194701
59.6134,0.0196598
60.2178,0.0198516
60.8282,0.0200457
61.4449,0.0202421
62.0678,0.0204407
62.697,0.0206417
63.3326,0.0208451
63.9746,0.0210508
64.6231,0.0212589
65.2782,0.0214695
65.94,0.0216825
66.6085,0.0218981
67.2837,0.0221162
67.9658,0.0223368
68.6548,0.0225601
69.3508,0.022786
70.0538,0.0230145
70.764,0.0232458
71.4813,0.0234798
72.206,0.0237166
72.938,0.0239562
73.6774,0.0241986
74.4243,0.024444
75.1788,0.0246922
75.9409,0.0249434
76.7107,0.0251977
77.4884,0.025455
78.2739,0.0257153
79.0674,0.0259788
79.8689,0.0262455
80.6786,0.0265154
81.4965,0.0267886
82.3227,0.0270651
83.1572,0.0273449
84.0002,0.0276282
84.8518,0.0279149
85.7119,0.0282051
86.5808,0.0284989
87.4585,0.0287963
88.3452,0.0290973
89.2407,0.0294021
90.1454,0.0297107
91.0593,0.0300231
91.9824,0.0303394
92.9148,0.0306596
93.8568,0.0309839
94.8082,0.0313122
95.7693,0.0316447
96.7402,0.0319814
97.7209,0.0323223
98.7115,0.0326676
99.7122,0.0330174
100.723,0.0333716
101.744,0.0337303
102.776,0.0340937
103.817,0.0344618
104.87,0.0348347
105.933,0.0352125
107.007,0.0355952
108.092,0.035983
109.187,0.0363759
110.294,0.036774
111.412,0.0371774
112.542,0.0375863
113.683,0.0380006
114.835,0.0384205
115.999,0.0388462
117.175,0.0392776
118.363,0.0397149
119.563,0.0401583
120.775,0.0406078
121.999,0.0410636
123.236,0.0415258
124.486,0.0419944
125.748,0.0424697
127.022,0.0429517
128.31,0.0434406
129.611,0.0439365
130.925,0.0444396
132.252,0.04495
133.593,0.0454679
134.947,0.0459934
136.315,0.0465267
137.697,0.047068
139.093,0.0476173
140.503,0.048175
141.927,0.0487411
143.366,0.0493158
144.819,0.0498995
146.287,0.0504921
147.77,0.051094
149.268,0.0517054
150.781,0.0523265
152.31,0.0529575
153.854,0.0535986
155.414,0.0542501
156.989,0.0549123
158.581,0.0555853
160.188,0.0562695
161.812,0.0569651
163.453,0.0576725
165.11,0.0583919
166.783,0.0591236
168.474,0.059868
170.182,0.0606254
171.907,0.061396
173.65,0.0621804
175.41,0.0629788
177.189,0.0637917
178.985,0.0646194
180.799,0.0654624
182.632,0.066321
184.483,0.0671958
186.354,0.0680872
188.243,0.0689956
190.151,0.0699217
192.079,0.0708659
194.026,0.0718287
195.993,0.0728109
197.98,0.0738128
199.987,0.0748353
202.014,0.0758788
204.062,0.0769442
206.131,0.0780321
208.22,0.0791433
210.331,0.0802785
212.463,0.0814386
214.617,0.0826243
216.793,0.0838367
218.991,0.0850767
221.211,0.0863452
223.453,0.0876433
225.718,0.088972
228.007,0.0903326
230.318,0.0917261
232.653,0.0931539
235.011,0.0946173
237.394,0.0961178
239.8,0.0976567
242.231,0.0992356
244.687,0.100856
247.167,0.10252
249.673,0.10423
252.204,0.105986
254.761,0.107792
257.343,0.10965
259.952,0.111561
262.588,0.113528
265.249,0.115555
267.938,0.117643
270.655,0.119795
273.398,0.122016
276.17,0.124308
278.97,0.126674
281.798,0.12912
284.654,0.131648
287.54,0.134263
290.455,0.136971
293.399,0.139775
296.374,0.142683
299.378,0.145699
302.413,0.148829
305.479,0.152082
308.576,0.155465
311.704,0.158984
314.864,0.16265
318.056,0.166473
321.28,0.170461
324.537,0.174627
327.827,0.178984
331.15,0.183544
334.507,0.188324
337.898,0.193339
341.324,0.198608
344.784,0.204151
348.279,0.20999
351.81,0.216151
355.376,0.22266
358.979,0.22955
362.618,0.236855
366.294,0.244615
370.007,0.252873
373.758,0.261681
377.547,0.271095
381.375,0.281182
385.241,0.292016
389.146,0.303686
393.091,0.316293
397.076,0.329956
401.101,0.344812
405.167,0.361029
409.275,0.378802
413.424,0.398369
417.615,0.420015
421.848,0.444092
426.125,0.471035
430.445,0.501388
434.808,0.535842
439.216,0.575285
443.669,0.620883
448.166,0.674186
452.71,0.737312
457.299,0.813219
461.935,0.906158
466.618,1.02246
471.348,1.1719
476.126,1.37034
480.953,1.64482
485.829,2.04394
490.754,2.65646
495.729,3.61295
500.754,4.76488
505.83,4.76699
510.958,3.61566
516.138,2.65819
521.37,2.04498
526.656,1.64547
531.995,1.37075
537.388,1.17216
542.836,1.02262
548.339,0.906255
553.897,0.813267
559.512,0.737324
565.184,0.67417
570.914,0.620845
576.702,0.575231
582.548,0.535773
588.453,0.501308
594.419,0.470945
600.445,0.443994
606.532,0.41991
612.68,0.398258
618.892,0.378687
625.165,0.360909
631.503,0.344689
637.905,0.329828
644.372,0.316163
650.904,0.303553
657.502,0.29188
664.168,0.281043
670.901,0.270954
677.702,0.261538
684.572,0.252729
691.512,0.244469
698.522,0.236707
705.603,0.229401
712.756,0.222509
719.982,0.215998
727.281,0.209836
734.654,0.203995
742.101,0.198451
749.624,0.193181
757.223,0.188165
764.9,0.183384
772.654,0.178822
780.487,0.174464
788.399,0.170297
796.391,0.166307
804.464,0.162484
812.62,0.158817
820.858,0.155296
829.179,0.151912
837.585,0.148658
846.076,0.145526
854.653,0.142509
863.317,0.139601
872.069,0.136795
880.909,0.134087
889.839,0.13147
898.86,0.128941
907.972,0.126494
917.177,0.124126
926.475,0.121833
935.867,0.119611
945.354,0.117458
954.938,0.115368
964.618,0.113341
974.397,0.111372
984.275,0.109459
994.253,0.107601
1004.33,0.105794
1014.51,0.104036
1024.8,0.102325
1035.19,0.10066
1045.68,0.0990375
1056.28,0.0974572
1066.99,0.0959169
1077.81,0.094415
1088.73,0.0929502
1099.77,0.0915209
1110.92,0.0901259
1122.18,0.0887639
1133.56,0.0874336
1145.05,0.0861341
1156.66,0.084864
1168.38,0.0836225
1180.23,0.0824085
1192.19,0.0812211
1204.28,0.0800594
1216.48,0.0789226
1228.82,0.0778098
1241.27,0.0767202
1253.86,0.0756531
1266.57,0.0746078
1279.41,0.0735836
1292.38,0.0725799
1305.48,0.071596
1318.71,0.0706313
1332.08,0.0696853
1345.59,0.0687574
1359.23,0.067847
1373,0.0669538
1386.92,0.0660771
1400.98,0.0652165
1415.19,0.0643716
1429.53,0.0635419
1444.02,0.062727
1458.66,0.0619265
1473.45,0.0611401
1488.39,0.0603673
1503.48,0.0596078
1518.72,0.0588613
1534.11,0.0581274
1549.66,0.0574058
1565.37,0.0566962
1581.24,0.0559983
1597.27,0.0553119
1613.47,0.0546365
1629.82,0.053972
1646.34,0.0533182
1663.03,0.0526747
1679.89,0.0520413
1696.92,0.0514178
1714.13,0.0508039
1731.5,0.0501995
1749.06,0.0496043
1766.79,0.0490181
1784.7,0.0484408
1802.79,0.0478721
1821.06,0.0473118
1839.53,0.0467598
1858.17,0.0462158
1877.01,0.0456798
1896.04,0.0451515
1915.26,0.0446309
1934.68,0.0441176
1954.29,0.0436117
1974.1,0.0431128
1994.11,0.042621
2014.33,0.042136
2034.75,0.0416578
2055.38,0.0411861
2076.21,0.0407209
2097.26,0.0402621
2118.52,0.0398094
2140,0.0393629
2161.69,0.0389223
2183.6,0.0384877
2205.74,0.0380588
2228.1,0.0376356
2250.69,0.0372179
2273.5,0.0368057
2296.55,0.0363989
2319.83,0.0359973
2343.35,0.035601
2367.11,0.0352097
2391.1,0.0348234
2415.34,0.034442
2439.83,0.0340655
2464.56,0.0336937
2489.55,0.0333266
2514.78,0.0329641
2540.28,0.0326061
2566.03,0.0322526
2592.04,0.0319034
2618.32,0.0315586
2644.86,0.0312179
2671.67,0.0308815
2698.76,0.0305491
2726.12,0.0302208
2753.75,0.0298964
2781.67,0.029576
2809.87,0.0292594
2838.35,0.0289466
2867.13,0.0286375
2896.19,0.0283322
2925.55,0.0280304
2955.21,0.0277322
2985.17,0.0274375
3015.43,0.0271463
3046,0.0268585
3076.88,0.0265741
3108.07,0.0262929
3139.58,0.0260151
3171.4,0.0257404
3203.55,0.025469
3236.03,0.0252006
3268.83,0.0249354
3301.97,0.0246732
3335.45,0.024414
3369.26,0.0241577
3403.41,0.0239044
3437.92,0.0236539
3472.77,0.0234063
3507.97,0.0231615
3543.54,0.0229194
3579.46,0.0226801
3615.74,0.0224434
3652.4,0.0222094
3689.43,0.0219781
3726.83,0.0217493
3764.61,0.021523
3802.77,0.0212993
3841.32,0.021078
3880.26,0.0208592
3919.6,0.0206428
3959.33,0.0204288
3999.47,0.0202171
4040.02,0.0200078
4080.97,0.0198008
4122.34,0.019596
4164.13,0.0193935
4206.34,0.0191932
4248.99,0.0189951
4292.06,0.0187991
4335.57,0.0186053
4379.52,0.0184135
4423.92,0.0182239
4468.77,0.0180363
4514.07,0.0178507
4559.83,0.0176671
4606.06,0.0174855
4652.75,0.0173058
4699.92,0.0171281
4747.56,0.0169523
4795.69,0.0167783
4844.31,0.0166063
4893.41,0.016436
4943.02,0.0162676
4993.13,0.016101
5043.75,0.0159361
5094.88,0.015773
5146.53,0.0156117
5198.7,0.015452
5251.4,0.015294
5304.64,0.0151378
5358.41,0.0149831
5412.74,0.0148301
5467.61,0.0146787
5523.03,0.0145289
5579.02,0.0143807
5635.58,0.0142341
5692.71,0.014089
5750.42,0.0139454
5808.72,0.0138033
5867.6,0.0136627
5927.08,0.0135236
5987.17,0.0133859
6047.86,0.0132497
6109.17,0.0131149
6171.11,0.0129815
6233.66,0.0128495
6296.86,0.0127189
6360.69,0.0125896
6425.17,0.0124617
6490.31,0.0123351
6556.1,0.0122099
6622.57,0.0120859
6689.7,0.0119632
6757.52,0.0118418
6826.02,0.0117217
6895.22,0.0116028
6965.12,0.0114851
7035.73,0.0113687
7107.05,0.0112534
7179.1,0.0111393
7251.88,0.0110265
7325.39,0.0109148
7399.66,0.0108042
7474.67,0.0106948
7550.44,0.0105865
7626.99,0.0104793
7704.3,0.0103732
7782.41,0.0102682
7861.3,0.0101643
7940.99,0.0100615
8021.5,0.00995974
8102.81,0.00985901
8184.95,0.00975931
8267.93,0.00966063
8351.74,0.00956297
8436.41,0.00946631
8521.93,0.00937064
8608.32,0.00927595
8695.59,0.00918223
8783.74,0.00908947
8872.79,0.00899766
8962.73,0.00890679
9053.59,0.00881685
9145.37,0.00872782
9238.09,0.00863971
9331.74,0.00855249
9426.34,0.00846617
9521.9,0.00838073
9618.42,0.00829616
9715.93,0.00821245
9814.42,0.00812959
9913.92,0.00804758
10014.4,0.00796641
10115.9,0.00788606
10218.5,0.00780653
10322.1,0.00772781
10426.7,0.0076499
10532.4,0.00757277
10639.2,0.00749643
10747,0.00742086
10856,0.00734607
10966,0.00727203
11077.2,0.00719875
11189.5,0.00712621
11302.9,0.00705441
11417.5,0.00698333
11533.3,0.00691298
11650.2,0.00684335
11768.3,0.00677441
11887.6,0.00670618
12008.1,0.00663864
12129.8,0.00657179
12252.8,0.00650561
12377,0.00644011
12502.5,0.00637526
12629.2,0.00631108
12757.3,0.00624755
12886.6,0.00618465
13017.2,0.0061224
13149.2,0.00606078
13282.5,0.00599978
13417.1,0.00593939
13553.1,0.00587962
13690.5,0.00582045
13829.3,0.00576189
13969.5,0.00570391
14111.1,0.00564652
14254.2,0.00558971
14398.7,0.00553348
14544.7,0.00547781
14692.1,0.00542271
14841,0.00536816
14991.5,0.00531417
15143.5,0.00526072
15297,0.00520781
15452.1,0.00515543
15608.7,0.00510358
15766.9,0.00505226
15926.8,0.00500146
16088.2,0.00495116
16251.3,0.00490138
16416.1,0.0048521
16582.5,0.00480331
16750.6,0.00475502
16920.4,0.00470721
17091.9,0.00465989
17265.2,0.00461305
17440.2,0.00456667
17617,0.00452077
17795.6,0.00447533
17976,0.00443034
18158.2,0.00438581
18342.3,0.00434173
18528.3,0.00429809
18716.1,0.0042549
18905.8,0.00421213
19097.5,0.0041698
19291.1,0.0041279
19486.6,0.00408642
19684.2,0.00404535
19883.7,0.0040047
20085.3,0.00396446
20288.9,0.00392463
20494.6,0.00388519
20702.4,0.00384616
20912.2,0.00380751
21124.2,0.00376926
21338.4,0.00373139
21554.7,0.0036939
21773.2,0.00365679
21993.9,0.00362005
22216.9,0.00358368
22442.1,0.00354768
22669.6,0.00351204
22899.4,0.00347676
23131.6,0.00344184
23366.1,0.00340727
23602.9,0.00337304
23842.2,0.00333916
24083.9,0.00330562
24328.1,0.00327242
24574.7,0.00323955
24823.8,0.00320701
25075.5,0.0031748
25329.7,0.00314291
25586.4,0.00311135
25845.8,0.0030801
26107.8,0.00304916
26372.5,0.00301854
26639.9,0.00298822
26909.9,0.00295821
27182.7,0.00292851
27458.3,0.0028991
27736.6,0.00286998
28017.8,0.00284116
28301.8,0.00281263
28588.8,0.00278439
28878.6,0.00275643
29171.3,0.00272875
29467.1,0.00270135
29765.8,0.00267422
30067.5,0.00264737
30372.3,0.00262078
30680.2,0.00259447
30991.2,0.00256842
31305.4,0.00254263
31622.8,0.0025171
