t_s,Vdc_V_Cdc4mF,Vdc_V_Cdc8mF,Vdc_V_Cdc16mF
0,800,800,800
0.00050025,799.652,799.817,799.906
0.0010005,799.006,799.384,799.658
0.00150075,798.789,798.962,799.337
0.002001,799.227,798.797,799.041
0.00250125,799.815,798.974,798.857
0.0030015,799.898,799.377,798.836
0.00350175,799.398,799.762,798.976
0.004002,798.887,799.907,799.228
0.00450225,798.932,799.736,799.513
0.0050025,799.466,799.362,799.744
0.00550275,799.883,799.01,799.855
0.006003,799.724,798.883,799.818
0.00650325,799.182,799.048,799.65
0.0070035,798.87,799.396,799.408
0.00750375,799.127,799.717,799.166
0.008004,799.65,799.827,798.997
0.00850425,799.852,799.669,798.948
0.0090045,799.519,799.346,799.028
0.00950475,799.036,799.052,799.207
0.010005,798.942,798.957,799.429
0.0105053,799.331,799.109,799.624
0.0110055,799.756,799.408,799.737
0.0115058,799.746,799.677,799.736
0.012006,799.324,799.759,799.628
0.0125063,798.971,799.614,799.449
0.0130065,799.076,799.336,799.256
0.0135068,799.508,799.091,799.107
0.014007,799.78,799.021,799.044
0.0145073,799.594,799.159,799.082
0.0150075,799.17,799.417,799.205
0.0155078,798.986,799.64,799.374
0.016008,799.238,799.7,799.535
0.0165083,799.633,799.568,799.641
0.0170085,799.73,799.329,799.664
0.0175088,799.43,799.126,799.599
0.018009,799.077,799.075,799.47
0.0185093,799.065,799.2,799.318
0.0190095,799.396,799.422,799.19
0.0195098,799.694,799.607,799.123
0.02001,799.629,799.65,799.133
0.0205103,799.284,799.531,799.215
0.0210105,799.05,799.325,799.341
0.0215108,799.183,799.157,799.471
0.022011,799.524,799.121,799.567
0.0225113,799.689,799.235,799.601
0.0230115,799.501,799.425,799.566
0.0235118,799.178,799.578,799.476
0.024012,799.083,799.607,799.36
0.0245123,799.314,799.5,799.253
0.0250125,799.605,799.324,799.187
0.0255128,799.632,799.184,799.18
0.026013,799.373,799.161,799.231
0.0265133,799.123,799.263,799.322
0.0270135,799.159,799.426,799.426
0.0275138,799.433,799.552,799.509
0.028014,799.634,799.571,799.549
0.0285143,799.541,799.474,799.535
0.0290145,799.267,799.324,799.474
0.0295148,799.12,799.209,799.386
0.030015,799.26,799.195,799.298
0.0305153,799.523,799.286,799.238
0.0310155,799.613,799.425,799.22
0.0315158,799.436,799.529,799.249
0.032016,799.196,799.54,799.315
0.0325163,799.161,799.453,799.395
0.0330165,799.363,799.325,799.465
0.0335168,799.572,799.23,799.506
0.034017,799.556,799.223,799.505
0.0345173,799.339,799.304,799.466
0.0350175,799.168,799.423,799.401
0.0355178,799.231,799.509,799.331
0.036018,799.451,799.513,799.277
0.0365183,799.579,799.437,799.255
0.0370185,799.477,799.327,799.269
0.0375188,799.264,799.249,799.314
0.038019,799.18,799.247,799.375
0.0385193,799.314,799.32,799.433
0.0390195,799.511,799.421,799.471
0.0395198,799.551,799.491,799.479
0.04002,799.394,799.491,799.455
0.0405203,799.22,799.423,799.409
0.0410205,799.223,799.329,799.354
0.0415208,799.394,799.266,799.307
0.042021,799.538,799.268,799.283
0.0425213,799.497,799.332,799.287
0.0430215,799.321,799.418,799.317
0.0435218,799.21,799.475,799.363
0.044022,799.284,799.472,799.41
0.0445223,799.456,799.412,799.444
0.0450225,799.533,799.332,799.457
0.0455228,799.431,799.281,799.444
0.046023,799.27,799.286,799.411
0.0465233,799.23,799.342,799.369
0.0470235,799.351,799.415,799.33
0.0475238,799.495,799.462,799.306
0.048024,799.501,799.456,799.304
0.0485243,799.367,799.403,799.323
0.0490245,799.245,799.336,799.356
0.0495248,799.27,799.294,799.393
0.050025,799.41,799.3,799.423
0.0505253,799.506,799.35,799.438
0.0510255,799.453,799.412,799.432
0.0515258,799.315,799.45,799.41
0.052026,799.247,799.442,799.378
0.0525263,799.322,799.396,799.347
0.0530265,799.454,799.339,799.325
0.0535268,799.493,799.305,799.319
0.054027,799.4,799.313,799.329
0.0545273,799.281,799.356,799.353
0.0550275,799.269,799.409,799.382
0.0555278,799.374,799.439,799.408
0.056028,799.476,799.431,799.422
0.0565283,799.462,799.39,799.422
0.0570285,799.352,799.342,799.407
0.0575288,799.269,799.314,799.384
0.058029,799.306,799.323,799.359
0.0585293,799.418,799.361,799.339
0.0590295,799.478,799.406,799.331
0.0595298,799.422,799.43,799.336
0.06003,799.315,799.421,799.353
0.0605303,799.277,799.386,799.375
0.0610305,799.349,799.345,799.396
0.0615308,799.446,799.323,799.41
0.062031,799.462,799.332,799.412
0.0625313,799.38,799.365,799.404
0.0630315,799.295,799.403,799.387
0.0635318,799.301,799.422,799.367
0.064032,799.388,799.413,799.35
0.0645323,799.458,799.382,799.341
0.0650325,799.433,799.348,799.343
0.0655328,799.344,799.33,799.354
0.066033,799.291,799.339,799.37
0.0665333,799.332,799.368,799.387
0.0670335,799.419,799.4,799.4
0.0675338,799.454,799.415,799.404
0.068034,799.4,799.407,799.399
0.0685343,799.319,799.379,799.388
0.0690345,799.303,799.351,799.372
0.0695348,799.366,799.337,799.358
0.070035,799.437,799.345,799.35
0.0705353,799.436,799.371,799.349
0.0710355,799.367,799.397,799.356
0.0715358,799.308,799.409,799.368
0.072036,799.324,799.401,799.381
0.0725363,799.396,799.377,799.392
0.0730365,799.441,799.353,799.397
0.0735368,799.412,799.342,799.395
0.074037,799.342,799.351,799.387
0.0745373,799.31,799.373,799.376
0.0750375,799.351,799.395,799.364
0.0755378,799.417,799.404,799.356
0.076038,799.433,799.396,799.354
0.0765383,799.385,799.376,799.358
0.0770385,799.326,799.355,799.367
0.0775388,799.323,799.347,799.377
0.078039,799.377,799.355,799.387
0.0785393,799.427,799.374,799.392
0.0790395,799.417,799.392,799.392
0.0795398,799.36,799.4,799.386
0.08004,799.321,799.392,799.378
0.0805403,799.342,799.375,799.369
0.0810405,799.398,799.358,799.362
0.0815408,799.426,799.351,799.359
0.082041,799.396,799.358,799.361
0.0825413,799.343,799.375,799.367
0.0830415,799.326,799.39,799.375
0.0835418,799.364,799.396,799.382
0.084042,799.412,799.389,799.387
0.0845423,799.417,799.374,799.388
0.0850425,799.375,799.36,799.385
0.0855428,799.333,799.355,799.379
0.086043,799.339,799.361,799.372
0.0865433,799.384,799.376,799.366
0.0870435,799.417,799.389,799.363
0.0875438,799.402,799.393,799.363
0.088044,799.357,799.386,799.367
0.0885443,799.333,799.373,799.373
0.0890445,799.355,799.361,799.379
0.0895448,799.398,799.358,799.384
0.090045,799.414,799.364,799.385
0.0905453,799.385,799.376,799.384
0.0910455,799.346,799.387,799.379
0.0915458,799.339,799.39,799.374
0.092046,799.372,799.384,799.369
0.0925463,799.407,799.373,799.366
0.0930465,799.405,799.363,799.365
0.0935468,799.369,799.36,799.368
0.094047,799.341,799.366,799.372
0.0945473,799.351,799.376,799.377
0.0950475,799.387,799.385,799.381
0.0955478,799.408,799.388,799.383
0.096048,799.392,799.382,799.382
0.0965483,799.357,799.373,799.379
0.0970485,799.342,799.364,799.375
0.0975488,799.364,799.362,799.371
0.098049,799.397,799.368,799.368
0.0985493,799.404,799.377,799.367
0.0990495,799.378,799.384,799.369
0.0995498,799.349,799.386,799.372
0.10005,797.315,798.364,798.867
0.10055,781.728,789.403,794.095
0.101051,785.086,786.035,790.835
0.101551,803.55,790.081,790.004
0.102051,816.321,798.976,791.758
0.102551,809.105,807.387,795.475
0.103052,790.108,810.407,799.972
0.103552,780.673,806.42,803.876
0.104052,791.345,797.948,806.045
0.104552,810.065,790.063,805.898
0.105053,815.778,787.357,803.567
0.105553,802.157,791.274,799.831
0.106053,784.573,799.346,795.858
0.106553,782.75,806.74,792.842
0.107054,798.676,809.149,791.646
0.107554,814.393,805.303,792.559
0.108054,812.267,797.621,795.228
0.108554,794.788,790.696,798.79
0.109055,781.621,788.554,802.148
0.109555,787.51,792.32,804.307
0.110055,805.773,799.633,804.67
0.110555,815.849,806.121,803.195
0.111056,806.484,808.011,800.394
0.111556,788.286,804.325,797.152
0.112056,781.689,797.37,794.453
0.112556,794.049,791.299,793.082
0.113057,811.413,789.636,793.398
0.113557,814.266,793.235,795.242
0.114057,799.497,799.851,798.006
0.114557,783.751,805.532,800.83
0.115058,784.681,806.983,802.87
0.115558,801.182,803.47,803.546
0.116058,814.658,797.183,802.708
0.116558,810.007,791.871,800.665
0.117059,792.551,790.612,798.071
0.117559,781.912,794.034,795.722
0.118059,789.994,800.01,794.309
0.118559,807.652,804.976,794.218
0.11906,815.017,806.055,795.426
0.11956,803.89,802.724,797.523
0.12006,786.846,797.05,799.851
0.12056,783.012,792.412,801.704
0.121061,796.64,791.492,802.549
0.121561,812.357,794.73,802.171
0.122061,812.513,800.12,800.731
0.122561,797.028,804.451,798.697
0.123062,783.335,805.22,796.7
0.123562,786.777,802.075,795.333
0.124062,803.427,796.961,794.982
0.124562,814.531,792.92,795.711
0.125063,807.665,792.285,797.263
0.125563,790.63,795.335,799.143
0.126063,782.564,800.189,800.777
0.126563,792.478,803.959,801.688
0.127064,809.171,804.469,801.631
0.127564,813.873,801.512,800.659
0.128064,801.382,796.909,799.098
0.128564,785.79,793.396,797.436
0.129065,784.588,792.997,796.172
0.129565,799.069,795.86,795.669
0.130065,812.907,800.225,796.048
0.130565,810.58,803.498,797.161
0.131066,794.792,803.795,798.65
0.131566,783.303,801.023,800.055
0.132066,788.977,796.888,800.961
0.132566,805.38,793.841,801.116
0.133067,814.046,793.635,800.502
0.133567,805.301,796.314,799.332
0.134067,789.045,800.234,797.976
0.134567,783.531,803.068,796.846
0.135068,794.902,803.19,796.27
0.135568,810.323,800.602,796.4
0.136068,812.467,796.89,797.169
0.136568,799.009,794.255,798.323
0.137069,785.113,794.208,799.505
0.137569,786.359,796.706,800.36
0.138069,801.29,800.221,800.645
0.138569,813.083,802.669,800.297
0.13907,808.525,802.648,799.444
0.13957,792.821,800.239,798.36
0.14007,783.625,796.913,797.376
0.14057,791.222,794.64,796.784
0.141071,807.019,794.72,796.743
0.141571,813.243,797.043,797.247
0.142071,802.972,800.19,798.123
0.142571,787.806,802.298,799.096
0.143072,784.768,802.164,799.872
0.143572,797.217,799.927,800.227
0.144072,811.113,796.951,800.071
0.144572,810.855,794.997,799.471
0.145073,796.815,795.178,798.621
0.145573,784.8,797.332,797.785
0.146073,788.27,800.145,797.212
0.146573,803.271,801.956,797.064
0.147074,812.91,801.732,797.367
0.147574,806.405,799.66,798.015
0.148074,791.14,797.001,798.801
0.148574,784.265,795.326,799.485
0.149075,793.456,795.586,799.867
0.149575,808.332,797.578,799.845
0.150075,812.167,800.09,799.44
0.150575,800.727,801.639,798.788
0.151076,786.914,801.346,798.093
0.151576,786.223,799.432,797.563
0.152076,799.378,797.06,797.351
0.152576,811.549,795.629,797.508
0.153077,809.088,795.95,797.973
0.153577,794.838,797.788,798.595
0.154077,784.828,800.028,799.183
0.154577,790.265,801.348,799.563
0.155078,804.985,801.003,799.629
0.155578,812.421,799.239,799.373
0.156078,804.275,797.126,798.885
0.156578,789.764,795.908,798.318
0.157079,785.183,796.274,797.845
0.157579,795.629,797.966,797.603
0.158079,809.314,799.96,797.656
0.158579,810.864,801.081,797.977
0.15908,798.612,800.698,798.459
0.15958,786.361,799.075,798.953
0.16008,787.846,797.196,799.311
0.16058,801.346,796.164,799.432
0.161081,811.652,796.561,799.287
0.161581,807.221,798.116,798.931
0.162081,793.104,799.888,798.478
0.162581,785.171,800.836,798.067
0.163082,792.292,800.427,797.818
0.163582,806.413,798.938,797.8
0.164082,811.651,797.269,798.01
0.164582,802.184,796.399,798.376
0.165083,788.701,796.816,798.782
0.165583,786.335,798.242,799.108
0.166083,797.695,799.814,799.257
0.166583,809.97,800.611,799.192
0.167084,809.382,800.187,798.942
0.167584,796.665,798.823,798.587
0.168084,786.134,797.343,798.237
0.168584,789.586,796.614,797.997
0.169085,803.092,797.042,797.934
0.169585,811.445,798.346,798.06
0.170085,805.304,799.74,798.331
0.170585,791.635,800.406,798.659
0.171086,785.794,799.975,798.946
0.171586,794.3,798.728,799.106
0.172086,807.545,797.417,799.097
0.172586,810.642,796.809,798.929
0.173087,800.177,797.242,798.656
0.173587,787.95,798.433,798.366
0.174087,787.677,799.666,798.144
0.174587,799.616,800.219,798.055
0.175088,810.31,799.787,798.12
0.175588,807.77,798.649,798.314
0.176088,794.918,797.49,798.574
0.176588,786.21,796.988,798.82
0.177089,791.394,797.418,798.979
0.177589,804.594,798.504,799.007
0.178089,810.957,799.594,798.901
0.178589,803.386,800.049,798.697
0.17909,790.443,799.622,798.46
0.17959,786.662,798.585,798.262
0.18009,796.246,797.562,798.16
0.18059,808.38,797.15,798.182
0.181091,809.436,797.573,798.315
0.181591,798.293,798.562,798.517
0.182091,787.504,799.523,798.724
0.182591,789.163,799.894,798.874
0.183092,801.358,799.476,798.924
0.183592,810.353,798.533,798.864
0.184092,806.075,797.632,798.716
0.184592,793.395,797.297,798.526
0.185093,786.565,797.71,798.354
0.185593,793.221,798.608,798.25
0.186093,805.836,799.454,798.242
0.186593,810.223,799.754,798.329
0.187094,801.51,799.348,798.482
0.187594,789.533,798.492,798.652
0.188094,787.734,797.699,798.788
0.188594,798.089,797.431,798.851
0.189095,808.922,797.83,798.825
0.189595,808.076,798.645,798.72
0.190095,796.567,799.388,798.572
0.190595,787.347,799.627,798.426
0.191096,790.746,799.235,798.325
0.191596,802.896,798.46,798.298
0.192096,810.12,797.764,798.351
0.192596,804.343,797.552,798.464
0.193097,792.112,797.935,798.601
0.193597,787.168,798.673,798.721
0.194097,795.026,799.325,798.788
0.194597,806.811,799.512,798.785
0.195098,809.28,799.137,798.714
0.195598,799.717,798.435,798.601
0.196098,788.904,797.825,798.479
0.196598,788.969,797.661,798.386
0.197099,799.795,798.027,798.349
0.197599,809.181,798.695,798.376
0.198099,806.606,799.265,798.457
0.198599,795.024,799.408,798.565
0.1991,787.462,799.051,798.668
0.1996,792.382,798.417,798.735
0.2001,804.21,797.883,798.747
0.2006,809.64,797.76,798.703
0.201101,802.617,798.107,798.617
0.201601,791.081,798.71,798.518
0.202101,787.985,799.209,798.436
0.202601,796.767,799.315,798.393
0.203102,807.518,798.976,798.402
0.203602,808.165,798.404,798.457
0.204102,798.041,797.938,798.542
0.204602,788.547,797.849,798.628
0.205103,790.327,798.177,798.691
0.205603,801.335,798.721,798.712
0.206103,809.175,799.156,798.687
0.206603,805.069,799.23,798.625
0.207104,793.687,798.911,798.546
0.207604,787.822,798.395,798.474
0.208104,794.029,797.99,798.431
0.208604,805.289,797.928,798.427
0.209105,808.943,798.238,798.463
0.209605,800.936,798.727,798.527
0.210105,790.304,799.106,798.598
0.210605,788.98,799.154,798.655
0.211106,798.409,798.854,798.682
0.211606,807.961,798.39,798.671
0.212106,806.919,798.038,798.627
0.212606,796.511,798,798.565
0.213107,788.45,798.291,798.504
0.213607,791.765,798.731,798.462
0.214107,802.688,799.059,798.451
0.214607,808.925,799.086,798.472
0.215108,803.505,798.805,798.519
0.215608,792.569,798.389,798.577
0.216108,788.402,798.083,798.627
0.216608,795.648,798.065,798.655
0.217109,806.127,798.336,798.654
0.217609,808.064,798.731,798.625
0.218109,799.335,799.015,798.577
0.218609,789.78,799.025,798.526
0.21911,790.116,798.763,798.488
0.21961,799.924,798.389,798.472
0.22011,808.153,798.125,798.483
0.22061,805.58,798.122,798.517
0.221111,795.151,798.376,798.562
0.221611,788.593,798.73,798.605
0.222111,793.245,798.975,798.633
0.222611,803.838,798.971,798.638
0.223112,808.456,798.727,798.62
0.223612,801.953,798.392,798.584
0.224112,791.679,798.164,798.543
0.224612,789.168,798.174,798.508
0.225113,797.205,798.409,798.49
0.225613,806.723,798.726,798.494
0.226113,807.035,798.937,798.517
0.226613,797.844,798.922,798.552
0.227114,789.5,798.696,798.588
0.227614,791.355,798.396,798.615
0.228114,801.285,798.2,798.623
0.228614,808.108,798.22,798.613
0.229115,804.188,798.438,798.587
0.229615,793.978,798.721,798.554
0.230115,788.955,798.903,798.524
0.230615,794.728,798.878,798.506
0.231116,804.773,798.669,798.504
0.231616,807.797,798.401,798.52
0.232116,800.448,798.234,798.546
0.232616,791.018,798.261,798.576
0.233117,790.09,798.463,798.6
0.233617,798.668,798.716,798.611
0.234117,807.083,798.87,798.606
0.234617,805.895,798.84,798.588
0.235118,796.489,798.646,798.562
0.235618,789.451,798.407,798.537
0.236118,792.661,798.264,798.519
0.236618,802.474,798.298,798.514
0.237119,807.846,798.484,798.523
0.237619,802.777,798.709,798.543
0.238119,793.005,798.841,798.567
0.238619,789.508,798.805,798.588
0.23912,796.181,798.627,798.6
0.23962,805.491,798.414,798.599
0.24012,806.978,798.293,798.587
0.24062,799.019,798.331,798.567
0.241121,790.584,798.502,798.546
0.241621,791.133,798.702,798.53
0.242121,800.011,798.814,798.523
0.242621,807.217,798.774,798.528
0.243122,804.677,798.61,798.542
0.243622,795.291,798.421,798.561
0.244122,789.616,798.319,798.579
0.244622,793.999,798.36,798.59
0.245123,803.478,798.517,798.592
0.245623,807.392,798.695,798.585
0.246123,801.382,798.789,798.57
0.246623,792.238,798.747,798.553
0.247124,790.226,798.597,798.538
0.247624,797.572,798.429,798.531
0.248124,805.991,798.342,798.532
0.248624,806.032,798.385,798.542
0.249125,797.695,798.529,798.557
0.249625,790.369,798.687,798.572
0.250125,792.263,798.766,798.583
0.250625,801.213,798.723,798.586
0.251126,807.142,798.585,798.582
0.251626,803.416,798.437,798.571
0.252126,794.264,798.364,798.558
0.252626,789.973,798.408,798.545
0.253127,795.334,798.54,798.537
0.253627,804.288,798.679,798.537
0.254127,806.771,798.746,798.543
0.254627,800.035,798.701,798.554
0.255128,791.678,798.576,798.567
0.255628,791.078,798.444,798.576
0.256128,798.874,798.384,798.581
0.256628,806.28,798.428,798.579
0.257129,804.989,798.548,798.572
0.257629,796.497,798.672,798.561
0.258129,790.359,798.727,798.55
0.258629,793.448,798.683,798.543
0.25913,802.257,798.568,798.541
0.25963,806.875,798.452,798.545
0.26013,802.144,798.402,798.553
0.26063,793.419,798.446,798.563
0.261131,790.5,798.555,798.572
0.261631,796.636,798.664,798.576
0.262131,804.901,798.71,798.576
0.262631,806.011,798.666,798.571
0.263132,798.761,798.562,798.563
0.263632,791.321,798.459,798.554
0.264132,792.034,798.418,798.547
0.264632,800.065,798.461,798.545
0.265133,806.367,798.561,798.546
0.265633,803.881,798.657,798.552
0.266133,795.442,798.694,798.56
0.266633,790.539,798.651,798.568
0.267134,794.655,798.556,798.573
0.267634,803.133,798.466,798.574
0.268134,806.438,798.433,798.57
0.268634,800.892,798.475,798.564
0.269135,792.759,798.566,798.557
0.269635,791.17,798.65,798.551
0.270135,797.878,798.68,798.548
0.270635,805.318,798.638,798.548
0.271136,805.14,798.552,798.552
0.271636,797.585,798.473,798.559
0.272136,791.16,798.447,798.565
0.272636,793.064,798.487,798.569
0.273137,801.125,798.569,798.571
0.273637,806.268,798.644,798.569
0.274137,802.741,798.667,798.565
0.274637,794.544,798.627,798.559
0.275138,790.889,798.549,798.554
0.275638,795.856,798.48,798.551
0.276138,803.832,798.459,798.55
0.276638,805.854,798.498,798.553
0.277139,799.686,798.572,798.557
0.277639,792.286,798.637,798.563
0.278139,791.956,798.655,798.567
0.278639,799.036,798.617,798.569
0.27914,805.546,798.547,798.568
0.27964,804.188,798.486,798.565
0.28014,796.526,798.47,798.56
0.28064,791.182,798.507,798.556
0.281141,794.138,798.574,798.553
0.281641,802.041,798.631,798.552
0.282141,805.999,798.645,798.554
0.282641,801.595,798.609,798.557
0.283142,793.81,798.545,798.561
0.283642,791.388,798.492,798.565
0.284142,797.022,798.48,798.567
0.284642,804.354,798.515,798.567
0.285143,805.149,798.576,798.565
0.285643,798.552,798.625,798.561
0.286143,791.996,798.635,798.557
0.286643,792.832,798.601,798.555
0.287144,800.09,798.544,798.554
0.287644,805.595,798.497,798.554
0.288144,803.182,798.489,798.557
0.288644,795.599,798.522,798.56
0.289145,791.372,798.577,798.563
0.289645,795.227,798.62,798.565
0.290145,802.803,798.627,798.566
0.290645,805.581,798.595,798.564
0.291146,800.472,798.543,798.562
0.291646,793.244,798.503,798.559
0.292146,792.012,798.497,798.556
0.292646,798.131,798.528,798.555
0.293147,804.701,798.577,798.555
0.293647,804.35,798.615,798.557
0.294147,797.509,798.619,798.559
0.294647,791.88,798.589,798.562
0.295148,793.769,798.542,798.564
0.295648,801.024,798.507,798.565
0.296148,805.478,798.504,798.564
0.296648,802.151,798.533,798.562
0.297149,794.814,798.577,798.56
0.297649,791.712,798.61,798.557
0.298149,796.306,798.613,798.556
0.298649,803.406,798.584,798.556
0.29915,805.034,798.542,798.557
0.29965,799.394,798.512,798.559
0.30015,792.847,798.51,798.561
0.30065,792.737,798.538,798.563
0.301151,799.16,798.577,798.564
0.301651,804.878,798.606,798.563
0.302151,803.481,798.606,798.562
0.302651,796.573,798.58,798.56
0.303152,791.927,798.542,798.558
0.303652,794.742,798.516,798.557
0.304152,801.826,798.516,798.557
0.304652,805.211,798.542,798.557
0.305153,801.12,798.577,798.559
0.305653,794.179,798.602,798.56
0.306153,792.183,798.601,798.562
0.306653,797.35,798.576,798.563
0.307154,803.849,798.543,798.563
0.307654,804.382,798.52,798.562
0.308154,798.384,798.521,798.56
0.308654,792.613,798.545,798.559
0.309155,793.538,798.577,798.558
0.309655,800.093,798.598,798.557
0.310155,804.895,798.596,798.558
0.310655,802.568,798.573,798.559
0.311156,795.759,798.543,798.56
0.311656,792.123,798.524,798.561
0.312156,795.724,798.526,798.562
0.312656,802.489,798.548,798.562
0.313157,804.813,798.576,798.562
0.313657,800.113,798.594,798.561
0.314157,793.695,798.592,798.559
0.314657,792.763,798.57,798.558
0.315158,798.338,798.544,798.558
0.315658,804.135,798.527,798.558
0.316158,803.649,798.53,798.559
0.316658,797.46,798.551,798.56
0.317159,792.534,798.576,798.561
0.317659,794.39,798.591,798.562
0.318159,800.915,798.588,798.562
0.318659,804.765,798.568,798.562
0.31916,801.637,798.544,798.561
0.31966,795.074,798.53,798.56
0.32016,792.451,798.534,798.559
0.32066,796.693,798.553,798.558
0.321161,803.008,798.575,798.558
0.321661,804.302,798.588,798.559
0.322161,799.151,798.584,798.559
0.322661,793.362,798.566,798.56
0.323162,793.43,798.545,798.561
0.323662,799.252,798.533,798.561
0.324162,804.269,798.537,798.561
0.324662,802.857,798.554,798.561
0.325163,796.634,798.574,798.56
0.325663,792.601,798.585,798.559
0.326163,795.27,798.581,798.559
0.326663,801.617,798.565,798.559
0.327164,804.503,798.546,798.559
0.327664,800.71,798.536,798.559
0.328164,794.525,798.54,798.56
0.328664,792.894,798.556,798.561
0.329165,797.627,798.574,798.561
0.329665,803.383,798.583,798.561
0.330165,803.7,798.578,798.561
0.330665,798.252,798.563,798.56
0.331166,793.176,798.547,798.559
0.331666,794.162,798.538,798.559
0.332166,800.077,798.543,798.559
0.332666,804.261,798.557,798.559
0.333167,802.03,798.573,798.559
0.333667,795.92,798.58,798.56
0.334167,792.799,798.576,798.56
0.334667,796.155,798.562,798.561
0.335168,802.192,798.547,798.561
0.335668,804.125,798.54,798.561
0.336168,799.807,798.545,798.56
0.336668,794.112,798.558,798.56
0.337169,793.432,798.572,798.559
0.337669,798.507,798.578,798.559
0.338169,803.616,798.574,798.559
0.338669,803.028,798.561,798.559
0.33917,797.433,798.548,798.56
0.33967,793.128,798.542,798.56
0.34017,794.936,798.547,798.561
0.34067,800.8,798.559,798.561
0.341171,804.122,798.571,798.561
0.341671,801.189,798.576,798.56
0.342171,795.323,798.572,798.56
0.342671,793.115,798.56,798.559
0.343172,797.024,798.549,798.559
0.343672,802.638,798.544,798.559
0.344172,803.649,798.549,798.559
0.344672,798.948,798.56,798.56
0.345173,793.835,798.57,798.56
0.345673,794.045,798.575,798.56
0.346173,799.318,798.57,798.561
0.346673,803.715,798.56,798.56
0.347174,802.308,798.55,798.56
0.347674,796.705,798.546,798.56
0.348174,793.21,798.55,798.56
0.348674,795.732,798.56,798.559
0.349175,801.414,798.57,798.559
0.349675,803.866,798.573,798.559
0.350175,800.356,798.569,798.56
0.350675,794.849,798.559,798.56
0.351176,793.53,798.551,798.56
0.351676,797.859,798.547,798.56
0.352176,802.953,798.552,798.56
0.352676,803.094,798.561,798.56
0.353177,798.15,798.569,798.56
0.353677,793.69,798.572,798.56
0.354177,794.713,798.568,798.56
0.354677,800.047,798.559,798.559
0.355178,803.686,798.551,798.559
0.355678,801.558,798.549,798.56
0.356178,796.079,798.553,798.56
0.356678,793.408,798.561,798.56
0.357179,796.528,798.568,798.56
0.357679,801.912,798.57,798.56
0.358179,803.509,798.566,798.56
0.358679,799.548,798.559,798.56
0.35918,794.498,798.552,798.56
0.35968,794.028,798.55,798.56
0.36018,798.643,798.554,798.56
0.36068,803.142,798.561,798.56
0.361181,802.479,798.568,798.56
0.361681,797.425,798.569,798.56
0.362181,793.668,798.565,798.56
0.362681,795.416,798.558,798.56
0.363182,800.682,798.553,798.56
0.363682,803.542,798.551,798.56
0.364182,800.8,798.555,798.56
0.364682,795.56,798.561,798.56
0.365183,793.709,798.567,798.56
0.365683,797.308,798.568,798.56
0.366183,802.294,798.565,798.56
0.366683,803.066,798.558,798.56
0.367184,798.782,798.553,798.56
0.367684,794.269,798.552,798.56
0.368184,794.59,798.556,798.56
0.368684,799.362,798.562,798.56
0.369185,803.211,798.566,798.56
0.369685,801.824,798.567,798.56
0.370185,796.784,798.564,798.56
0.370685,793.76,798.558,798.56
0.371186,796.134,798.554,798.56
0.371686,801.218,798.553,798.56
0.372186,803.295,798.556,798.56
0.372686,800.051,798.562,798.56
0.373187,795.152,798.566,798.56
0.373687,794.098,798.566,798.56
0.374187,798.054,798.563,798.56
0.374687,802.558,798.558,798.56
0.375188,802.556,798.554,798.56
0.375688,798.072,798.554,798.56
0.376188,794.158,798.557,798.56
0.376688,795.199,798.562,798.56
0.377189,800.005,798.565,798.56
0.377689,803.166,798.566,798.56
0.378189,801.145,798.563,798.56
0.378689,796.235,798.558,798.56
0.37919,793.956,798.555,798.56
0.37969,796.851,798.555,798.56
0.38019,801.649,798.557,798.56
0.38069,802.958,798.562,798.56
0.381191,799.328,798.565,798.56
0.381691,794.855,798.565,798.56
0.382191,794.558,798.562,798.56
0.382691,798.751,798.558,798.56
0.383192,802.709,798.555,798.56
0.383692,801.994,798.555,798.56
0.384192,797.431,798.558,798.56
0.384692,794.157,798.562,798.56
0.385193,795.836,798.564,798.56
0.385693,800.563,798.564,798.56
0.386193,803.019,798.562,798.56
0.386693,800.462,798.558,798.56
0.387194,795.785,798.556,798.56
0.387694,794.242,798.556,798.56
0.388194,797.55,798.558,798.56
0.388694,801.975,798.562,798.56
0.389195,802.547,798.564,798.56
0.389695,798.646,798.564,798.56
0.390195,794.667,798.561,798.56
0.390695,795.073,798.558,798.56
0.391196,799.388,798.556,798.56
0.391696,802.753,798.556,798.56
0.392196,801.398,798.559,798.56
0.392696,796.867,798.562,798.56
0.393197,794.257,798.564,798.56
0.393697,796.485,798.563,798.56
0.394197,801.03,798.561,798.56
0.394697,802.782,798.558,798.56
0.395198,799.79,798.556,798.56
0.395698,795.434,798.557,798.56
0.396198,794.604,798.559,798.56
0.396698,798.216,798.562,798.56
0.397199,802.195,798.563,798.56
0.397699,802.078,798.563,798.56
0.398199,798.016,798.561,798.56
0.398699,794.584,798.558,798.56
0.3992,795.628,798.557,798.56
0.3997,799.955,798.557,798.56
0.4002,802.696,798.559,798.56
0.4007,800.785,798.562,798.56
0.401201,796.388,798.563,798.56
0.401701,794.448,798.563,798.56
0.402201,797.13,798.561,798.56
0.402701,801.402,798.558,798.56
0.403202,802.466,798.557,798.56
0.403702,799.144,798.557,798.56
0.404202,795.183,798.559,798.56
0.404702,795.029,798.561,798.56
0.405203,798.836,798.563,798.56
0.405703,802.314,798.562,798.56
0.406203,801.565,798.56,798.56
0.406703,797.449,798.558,798.56
0.407204,794.599,798.557,798.56
0.407704,796.205,798.558,798.56
0.408204,800.444,798.559,798.56
0.408704,802.549,798.561,798.56
0.409205,800.169,798.562,798.56
0.409705,795.997,798.562,798.56
0.410205,794.719,798.56,798.56
0.410705,797.755,798.558,798.56
0.411206,801.679,798.558,798.56
0.411706,802.085,798.558,798.56
0.412206,798.536,798.56,798.56
0.412706,795.031,798.561,798.56
0.413207,795.501,798.562,798.56
0.413707,799.4,798.562,798.56
0.414207,802.337,798.56,798.56
0.414707,801.024,798.559,798.56
0.415208,796.954,798.558,798.56
0.415708,794.705,798.558,798.56
0.416208,796.79,798.56,798.56
0.416708,800.851,798.561,798.56
0.417209,802.321,798.562,798.56
0.417709,799.566,798.561,798.56
0.418209,795.696,798.56,798.56
0.418709,795.056,798.559,798.56
0.41921,798.349,798.558,798.56
0.41971,801.862,798.559,798.56
0.42021,801.654,798.56,798.56
0.42071,797.977,798.561,798.56
0.421211,794.972,798.562,798.56
0.421711,796.005,798.561,798.56
0.422211,799.899,798.56,798.56
0.422711,802.272,798.559,798.56
0.423212,800.47,798.558,798.56
0.423712,796.535,798.559,798.56
0.424212,794.89,798.56,798.56
0.424712,797.369,798.561,798.56
0.425213,801.172,798.562,798.56
0.425713,802.026,798.561,798.56
0.426213,798.989,798.56,798.56
0.426713,795.486,798.559,798.56
0.427214,795.447,798.558,798.56
0.427714,798.9,798.559,798.56
0.428214,801.954,798.56,798.56
0.428714,801.186,798.561,798.56
0.429215,797.477,798.561,798.56
0.429715,795,798.561,798.56
0.430215,796.528,798.56,798.56
0.430715,800.327,798.559,798.56
0.431216,802.125,798.559,798.56
0.431716,799.916,798.559,798.56
0.432216,796.197,798.56,798.56
0.432716,795.146,798.561,798.56
0.433217,797.929,798.561,798.56
0.433717,801.406,798.561,798.56
0.434217,801.674,798.56,798.56
0.434717,798.448,798.559,798.56
0.435218,795.363,798.559,798.56
0.435718,795.879,798.559,798.56
0.436218,799.399,798.56,798.56
0.436718,801.961,798.561,798.56
0.437219,800.695,798.561,798.56
0.437719,797.042,798.561,798.56
0.438219,795.109,798.56,798.56
0.438719,797.055,798.559,798.56
0.43922,800.68,798.559,798.56
0.43972,801.909,798.559,798.56
0.44022,799.376,798.56,798.56
0.44072,795.94,798.561,798.56
0.441221,795.459,798.561,798.56
0.441721,798.459,798.561,798.56
0.442221,801.557,798.56,798.56
0.442721,801.278,798.559,798.56
0.443222,797.953,798.559,798.56
0.443722,795.324,798.559,798.56
0.444222,796.337,798.56,798.56
0.444722,799.838,798.561,798.56
0.445223,801.888,798.561,798.56
0.445723,800.195,798.56,798.56
0.446223,796.677,798.56,798.56
0.446723,795.288,798.559,798.56
0.447224,797.575,798.559,798.56
0.447724,800.956,798.559,798.56
0.448224,801.633,798.56,798.56
0.448724,798.86,798.561,798.56
0.449225,795.764,798.561,798.56
0.449725,795.819,798.56,798.56
0.450225,798.948,798.56,798.56
0.450725,801.626,798.559,798.56
0.451226,800.852,798.559,798.56
0.451726,797.512,798.56,798.56
0.452226,795.363,798.56,798.56
0.452726,796.81,798.561,798.56
0.453227,800.213,798.561,798.56
0.453727,801.745,798.56,798.56
0.454227,799.697,798.56,798.56
0.454727,796.384,798.559,798.56
0.455228,795.528,798.559,798.56
0.455728,798.076,798.56,798.56
0.456228,801.155,798.56,798.56
0.456728,801.308,798.561,798.56
0.457229,798.379,798.561,798.56
0.457729,795.667,798.56,798.56
0.458229,796.213,798.56,798.56
0.458729,799.389,798.559,798.56
0.45923,801.619,798.559,798.56
0.45973,800.407,798.56,798.56
0.46023,797.13,798.56,798.56
0.46073,795.472,798.56,798.56
0.461231,797.285,798.56,798.56
0.461731,800.519,798.56,798.56
0.462231,801.539,798.56,798.56
0.462731,799.213,798.559,798.56
0.463232,796.166,798.559,798.56
0.463732,795.818,798.56,798.56
0.464232,798.547,798.56,798.56
0.464732,801.277,798.56,798.56
0.465233,800.946,798.56,798.56
0.465733,797.94,798.56,798.56
0.466233,795.644,798.56,798.56
0.466733,796.629,798.559,798.56
0.467234,799.775,798.559,798.56
0.467734,801.542,798.56,798.56
0.468234,799.956,798.56,798.56
0.468734,796.812,798.56,798.56
0.469235,795.644,798.56,798.56
0.469735,797.752,798.56,798.56
0.470235,800.756,798.56,798.56
0.470735,801.282,798.559,798.56
0.471236,798.753,798.559,798.56
0.471736,796.02,798.56,798.56
0.472236,796.149,798.56,798.56
0.472736,798.981,798.56,798.56
0.473237,801.327,798.56,798.56
0.473737,800.558,798.56,798.56
0.474237,797.552,798.56,798.56
0.474737,795.691,798.559,798.56
0.475238,797.057,798.56,798.56
0.475738,800.102,798.56,798.56
0.476238,801.403,798.56,798.56
0.476738,799.509,798.56,798.56
0.477239,796.56,798.56,798.56
0.477739,795.869,798.56,798.56
0.478239,798.199,798.56,798.56
0.478739,800.923,798.56,798.56
0.47924,800.983,798.56,798.56
0.47974,798.325,798.56,798.56
0.48024,795.944,798.56,798.56
0.48074,796.508,798.56,798.56
0.481241,799.371,798.56,798.56
0.481741,801.31,798.56,798.56
0.482241,800.155,798.56,798.56
0.482741,797.217,798.56,798.56
0.483242,795.799,798.56,798.56
0.483742,797.484,798.56,798.56
0.484242,800.367,798.56,798.56
0.484742,801.209,798.56,798.56
0.485243,799.075,798.56,798.56
0.485743,796.374,798.56,798.56
0.486243,796.137,798.56,798.56
0.486743,798.619,798.56,798.56
0.487244,801.022,798.56,798.56
0.487744,800.652,798.56,798.56
0.488244,797.938,798.56,798.56
0.488744,795.935,798.56,798.56
0.489245,796.886,798.56,798.56
0.489745,799.71,798.56,798.56
0.490245,801.23,798.56,798.56
0.490745,799.748,798.56,798.56
0.491246,796.941,798.56,798.56
0.491746,795.963,798.56,798.56
0.492246,797.902,798.56,798.56
0.492746,800.57,798.56,798.56
0.493247,800.97,798.56,798.56
0.493747,798.665,798.56,798.56
0.494247,796.254,798.56,798.56
0.494747,796.441,798.56,798.56
0.495248,799.003,798.56,798.56
0.495748,801.056,798.56,798.56
0.496248,800.299,798.56,798.56
0.496748,797.595,798.56,798.56
0.497249,795.987,798.56,798.56
0.497749,797.272,798.56,798.56
0.498249,799.995,798.56,798.56
0.498749,801.096,798.56,798.56
0.49925,799.347,798.56,798.56
0.49975,796.724,798.56,798.56
0.50025,796.173,798.56,798.56
0.50075,798.302,798.56,798.56
0.501251,800.71,798.56,798.56
0.501751,800.694,798.56,798.56
0.502251,798.285,798.56,798.56
0.502751,796.196,798.56,798.56
0.503252,796.768,798.56,798.56
0.503752,799.347,798.56,798.56
0.504252,801.03,798.56,798.56
0.504752,799.935,798.56,798.56
0.505253,797.303,798.56,798.56
0.505753,796.094,798.56,798.56
0.506253,797.656,798.56,798.56
0.506753,800.225,798.56,798.56
0.507254,800.913,798.56,798.56
0.507754,798.959,798.56,798.56
0.508254,796.567,798.56,798.56
0.508754,796.421,798.56,798.56
0.509255,798.675,798.56,798.56
0.509755,800.789,798.56,798.56
0.510255,800.392,798.56,798.56
0.510755,797.943,798.56,798.56
0.511256,796.198,798.56,798.56
0.511756,797.111,798.56,798.56
0.512256,799.645,798.56,798.56
0.512756,800.949,798.56,798.56
0.513257,799.568,798.56,798.56
0.513757,797.063,798.56,798.56
0.514257,796.249,798.56,798.56
0.514757,798.031,798.56,798.56
0.515258,800.397,798.56,798.56
0.515758,800.691,798.56,798.56
0.516258,798.594,798.56,798.56
0.516758,796.468,798.56,798.56
0.517259,796.699,798.56,798.56
0.517759,799.016,798.56,798.56
0.518259,800.81,798.56,798.56
0.518759,800.071,798.56,798.56
0.51926,797.642,798.56,798.56
0.51976,796.254,798.56,798.56
0.52026,797.459,798.56,798.56
0.52076,799.893,798.56,798.56
0.521261,800.82,798.56,798.56
0.521761,799.208,798.56,798.56
0.522261,796.877,798.56,798.56
0.522761,796.445,798.56,798.56
0.523262,798.387,798.56,798.56
0.523762,800.514,798.56,798.56
0.524262,800.438,798.56,798.56
0.524762,798.257,798.56,798.56
0.525263,796.426,798.56,798.56
0.525763,796.997,798.56,798.56
0.526263,799.319,798.56,798.56
0.526763,800.777,798.56,798.56
0.527264,799.742,798.56,798.56
0.527764,797.386,798.56,798.56
0.528264,796.358,798.56,798.56
0.528764,797.805,798.56,798.56
0.529265,800.091,798.56,798.56
0.529765,800.649,798.56,798.56
0.530265,798.861,798.56,798.56
0.530765,796.744,798.56,798.56
0.531266,796.674,798.56,798.56
0.531766,798.719,798.56,798.56
0.532266,800.576,798.56,798.56
0.532766,800.162,798.56,798.56
0.533267,797.954,798.56,798.56
0.533767,796.436,798.56,798.56
0.534267,797.308,798.56,798.56
0.534767,799.58,798.56,798.56
0.535268,800.697,798.56,798.56
0.535768,799.412,798.56,798.56
0.536268,797.178,798.56,798.56
0.536768,796.505,798.56,798.56
0.537269,798.14,798.56,798.56
0.537769,800.238,798.56,798.56
0.538269,800.444,798.56,798.56
0.538769,798.536,798.56,798.56
0.53927,796.664,798.56,798.56
0.53977,796.928,798.56,798.56
0.54027,799.021,798.56,798.56
0.54077,800.586,798.56,798.56
0.541271,799.871,798.56,798.56
0.541771,797.689,798.56,798.56
0.542271,796.494,798.56,798.56
0.542771,797.622,798.56,798.56
0.543272,799.796,798.56,798.56
0.543772,800.573,798.56,798.56
0.544272,799.089,798.56,798.56
0.544772,797.019,798.56,798.56
0.545273,796.687,798.56,798.56
0.545773,798.458,798.56,798.56
0.546273,800.334,798.56,798.56
0.546773,800.211,798.56,798.56
0.547274,798.237,798.56,798.56
0.547774,796.635,798.56,798.56
0.548274,797.199,798.56,798.56
0.548774,799.287,798.56,798.56
0.549275,800.549,798.56,798.56
0.549775,799.574,798.56,798.56
0.550275,797.466,798.56,798.56
0.550775,796.596,798.56,798.56
0.551276,797.932,798.56,798.56
0.551776,799.966,798.56,798.56
0.552276,800.413,798.56,798.56
0.552776,798.779,798.56,798.56
0.553277,796.908,798.56,798.56
0.553777,796.898,798.56,798.56
0.554277,798.753,798.56,798.56
0.554777,800.382,798.56,798.56
0.555278,799.96,798.56,798.56
0.555778,797.97,798.56,798.56
0.556278,796.652,798.56,798.56
0.556778,797.48,798.56,798.56
0.557279,799.516,798.56,798.56
0.557779,800.469,798.56,798.56
0.558279,799.277,798.56,798.56
0.558779,797.286,798.56,798.56
0.55928,796.734,798.56,798.56
0.55978,798.232,798.56,798.56
0.56028,800.091,798.56,798.56
0.56078,800.223,798.56,798.56
0.561281,798.49,798.56,798.56
0.561781,796.844,798.56,798.56
0.562281,797.13,798.56,798.56
0.562781,799.019,798.56,798.56
0.563282,800.384,798.56,798.56
0.563782,799.696,798.56,798.56
0.564282,797.738,798.56,798.56
0.564782,796.711,798.56,798.56
0.565283,797.763,798.56,798.56
0.565783,799.704,798.56,798.56
0.566283,800.352,798.56,798.56
0.566783,798.987,798.56,798.56
0.567284,797.15,798.56,798.56
0.567784,796.903,798.56,798.56
0.568284,798.515,798.56,798.56
0.568784,800.17,798.56,798.56
0.569285,800.01,798.56,798.56
0.569785,798.225,798.56,798.56
0.570285,796.824,798.56,798.56
0.570785,797.377,798.56,798.56
0.571286,799.254,798.56,798.56
0.571786,800.343,798.56,798.56
0.572286,799.427,798.56,798.56
0.572786,797.543,798.56,798.56
0.573287,796.809,798.56,798.56
0.573787,798.042,798.56,798.56
0.574287,799.85,798.56,798.56
0.574787,800.202,798.56,798.56
0.575288,798.711,798.56,798.56
0.575788,797.058,798.56,798.56
0.576288,797.097,798.56,798.56
0.576788,798.777,798.56,798.56
0.577289,800.205,798.56,798.56
0.577789,799.781,798.56,798.56
0.578289,797.99,798.56,798.56
0.578789,796.846,798.56,798.56
0.57929,797.631,798.56,798.56
0.57979,799.453,798.56,798.56
0.58029,800.265,798.56,798.56
0.58079,799.16,798.56,798.56
0.581291,797.388,798.56,798.56
0.581791,796.939,798.56,798.56
0.582291,798.31,798.56,798.56
0.582791,799.955,798.56,798.56
0.583292,800.027,798.56,798.56
0.583792,798.454,798.56,798.56
0.584292,797.007,798.56,798.56
0.584792,797.309,798.56,798.56
0.585293,799.012,798.56,798.56
0.585793,800.2,798.56,798.56
0.586293,799.542,798.56,798.56
0.586793,797.786,798.56,798.56
0.587294,796.906,798.56,798.56
0.587794,797.886,798.56,798.56
0.588294,799.616,798.56,798.56
0.588794,800.154,798.56,798.56
0.589295,798.901,798.56,798.56
0.589795,797.272,798.56,798.56
0.590295,797.095,798.56,798.56
0.590795,798.562,798.56,798.56
0.591296,800.019,798.56,798.56
0.591796,799.832,798.56,798.56
0.592296,798.219,798.56,798.56
0.592796,796.996,798.56,798.56
0.593297,797.533,798.56,798.56
0.593797,799.219,798.56,798.56
0.594297,800.157,798.56,798.56
0.594797,799.3,798.56,798.56
0.595298,797.617,798.56,798.56
0.595798,797,798.56,798.56
0.596298,798.135,798.56,798.56
0.596798,799.742,798.56,798.56
0.597299,800.014,798.56,798.56
0.597799,798.655,798.56,798.56
0.598299,797.195,798.56,798.56
0.598799,797.273,798.56,798.56
0.5993,798.794,798.56,798.56
0.5998,800.045,798.56,798.56
0.6003,799.624,798.56,798.56
0.6008,798.012,798.56,798.56
0.601301,797.023,798.56,798.56
0.601801,797.762,798.56,798.56
0.602301,799.393,798.56,798.56
0.602801,800.081,798.56,798.56
0.603302,799.06,798.56,798.56
0.603802,797.483,798.56,798.56
0.604302,797.122,798.56,798.56
0.604802,798.375,798.56,798.56
0.605303,799.83,798.56,798.56
0.605803,799.853,798.56,798.56
0.606303,798.426,798.56,798.56
0.606803,797.156,798.56,798.56
0.607304,797.467,798.56,798.56
0.607804,799.002,798.56,798.56
0.608304,800.034,798.56,798.56
0.608804,799.407,798.56,798.56
0.609305,797.834,798.56,798.56
0.609805,797.082,798.56,798.56
0.610305,797.992,798.56,798.56
0.610805,799.534,798.56,798.56
0.611306,799.976,798.56,798.56
0.611806,798.828,798.56,798.56
0.612306,797.385,798.56,798.56
0.612806,797.267,798.56,798.56
0.613307,798.6,798.56,798.56
0.613807,799.881,798.56,798.56
0.614307,799.675,798.56,798.56
0.614807,798.219,798.56,798.56
0.615308,797.153,798.56,798.56
0.615808,797.67,798.56,798.56
0.616308,799.183,798.56,798.56
0.616808,799.99,798.56,798.56
0.617309,799.189,798.56,798.56
0.617809,797.687,798.56,798.56
0.618309,797.171,798.56,798.56
0.618809,798.216,798.56,798.56
0.61931,799.641,798.56,798.56
0.61981,799.847,798.56,798.56
0.62031,798.608,798.56,798.56
0.62081,797.322,798.56,798.56
0.621311,797.43,798.56,798.56
0.621811,798.805,798.56,798.56
0.622311,799.898,798.56,798.56
0.622811,799.485,798.56,798.56
0.623312,798.036,798.56,798.56
0.623812,797.182,798.56,798.56
0.624312,797.877,798.56,798.56
0.624812,799.335,798.56,798.56
0.625313,799.916,798.56,798.56
0.625813,798.974,798.56,798.56
0.626313,797.572,798.56,798.56
0.626813,797.285,798.56,798.56
0.627314,798.429,798.56,798.56
0.627814,799.715,798.56,798.56
0.628314,799.698,798.56,798.56
0.628814,798.405,798.56,798.56
0.629315,797.292,798.56,798.56
0.629815,797.606,798.56,798.56
0.630315,798.988,798.56,798.56
0.630815,799.883,798.56,798.56
0.631316,799.29,798.56,798.56
0.631816,797.881,798.56,798.56
0.632316,797.24,798.56,798.56
0.632816,798.083,798.56,798.56
0.633317,799.457,798.56,798.56
0.633817,799.818,798.56,798.56
0.634317,798.766,798.56,798.56
0.634817,797.489,798.56,798.56
0.635318,797.419,798.56,798.56
0.635818,798.629,798.56,798.56
0.636318,799.756,798.56,798.56
0.636818,799.536,798.56,798.56
0.637319,798.222,798.56,798.56
0.637819,797.294,798.56,798.56
0.638319,797.79,798.56,798.56
0.638819,799.147,798.56,798.56
0.63932,799.839,798.56,798.56
0.63982,799.093,798.56,798.56
0.64032,797.753,798.56,798.56
0.64082,797.325,798.56,798.56
0.641321,798.284,798.56,798.56
0.641821,799.548,798.56,798.56
0.642321,799.698,798.56,798.56
0.642821,798.571,798.56,798.56
0.643322,797.437,798.56,798.56
0.643822,797.568,798.56,798.56
0.644322,798.811,798.56,798.56
0.644822,799.766,798.56,798.56
0.645323,799.364,798.56,798.56
0.645823,798.062,798.56,798.56
0.646323,797.325,798.56,798.56
0.646823,797.977,798.56,798.56
0.647324,799.279,798.56,798.56
0.647824,799.768,798.56,798.56
0.648324,798.9,798.56,798.56
0.648824,797.654,798.56,798.56
0.649325,797.431,798.56,798.56
0.649825,798.474,798.56,798.56
0.650325,799.609,798.56,798.56
0.650825,799.561,798.56,798.56
0.651326,798.391,798.56,798.56
0.651826,797.416,798.56,798.56
0.652326,797.729,798.56,798.56
0.652826,798.972,798.56,798.56
0.653327,799.747,798.56,798.56
0.653827,799.187,798.56,798.56
0.654327,797.926,798.56,798.56
0.654827,797.382,798.56,798.56
0.655328,798.162,798.56,798.56
0.655828,799.384,798.56,798.56
0.656328,799.676,798.56,798.56
0.656828,798.714,798.56,798.56
0.657329,797.585,798.56,798.56
0.657829,797.554,798.56,798.56
0.658329,798.652,798.56,798.56
0.658829,799.641,798.56,798.56
0.65933,799.413,798.56,798.56
0.65983,798.229,798.56,798.56
0.66033,797.422,798.56,798.56
0.66083,797.895,798.56,798.56
0.661331,799.111,798.56,798.56
0.661831,799.703,798.56,798.56
0.662331,799.01,798.56,798.56
0.662831,797.816,798.56,798.56
0.663332,797.462,798.56,798.56
0.663832,798.342,798.56,798.56
0.664332,799.462,798.56,798.56
0.664832,799.565,798.56,798.56
0.665333,798.541,798.56,798.56
0.665833,797.543,798.56,798.56
0.666333,797.691,798.56,798.56
0.666833,798.813,798.56,798.56
0.667334,799.646,798.56,798.56
0.667834,799.257,798.56,798.56
0.668334,798.088,798.56,798.56
0.668834,797.455,798.56,798.56
0.669335,798.064,798.56,798.56
0.669835,799.226,798.56,798.56
0.670335,799.636,798.56,798.56
0.670835,798.837,798.56,798.56
0.671336,797.731,798.56,798.56
0.671836,797.56,798.56,798.56
0.672336,798.512,798.56,798.56
0.672836,799.512,798.56,798.56
0.673337,799.44,798.56,798.56
0.673837,798.381,798.56,798.56
0.674337,797.528,798.56,798.56
0.674837,797.837,798.56,798.56
0.675338,798.955,798.56,798.56
0.675838,799.625,798.56,798.56
0.676338,799.097,798.56,798.56
0.676838,797.97,798.56,798.56
0.677339,797.51,798.56,798.56
0.677839,798.23,798.56,798.56
0.678339,799.317,798.56,798.56
0.678839,799.549,798.56,798.56
0.67934,798.671,798.56,798.56
0.67984,797.673,798.56,798.56
0.68034,797.674,798.56,798.56
0.68084,798.669,798.56,798.56
0.681341,799.537,798.56,798.56
0.681841,799.305,798.56,798.56
0.682341,798.238,798.56,798.56
0.682841,797.538,798.56,798.56
0.683342,797.987,798.56,798.56
0.683842,799.076,798.56,798.56
0.684342,799.581,798.56,798.56
0.684842,798.938,798.56,798.56
0.685343,797.874,798.56,798.56
0.685843,797.585,798.56,798.56
0.686343,798.39,798.56,798.56
0.686843,799.382,798.56,798.56
0.687344,799.447,798.56,798.56
0.687844,798.516,798.56,798.56
0.688344,797.639,798.56,798.56
0.688844,797.799,798.56,798.56
0.689345,798.811,798.56,798.56
0.689845,799.537,798.56,798.56
0.690345,799.163,798.56,798.56
0.690845,798.115,798.56,798.56
0.691346,797.571,798.56,798.56
0.691846,798.139,798.56,798.56
0.692346,799.176,798.56,798.56
0.692846,799.517,798.56,798.56
0.693347,798.783,798.56,798.56
0.693847,797.802,798.56,798.56
0.694347,797.676,798.56,798.56
0.694847,798.542,798.56,798.56
0.695348,799.424,798.56,798.56
0.695848,799.332,798.56,798.56
0.696348,798.375,798.56,798.56
0.696848,797.63,798.56,798.56
0.697349,797.931,798.56,798.56
0.697849,798.936,798.56,798.56
0.698349,799.514,798.56,798.56
0.698849,799.019,798.56,798.56
0.69935,798.011,798.56,798.56
0.69985,797.624,798.56,798.56
0.70035,798.288,798.56,798.56
0.70085,799.254,798.56,798.56
0.701351,799.436,798.56,798.56
0.701851,798.635,798.56,798.56
0.702351,797.753,798.56,798.56
0.702851,797.781,798.56,798.56
0.703352,798.682,798.56,798.56
0.703852,799.442,798.56,798.56
0.704352,799.209,798.56,798.56
0.704852,798.25,798.56,798.56
0.705353,797.643,798.56,798.56
0.705853,798.068,798.56,798.56
0.706353,799.042,798.56,798.56
0.706853,799.471,798.56,798.56
0.707354,798.876,798.56,798.56
0.707854,797.929,798.56,798.56
0.708354,797.694,798.56,798.56
0.708854,798.432,798.56,798.56
0.709355,799.309,798.56,798.56
0.709855,799.342,798.56,798.56
0.710355,798.498,798.56,798.56
0.710855,797.727,798.56,798.56
0.711356,797.895,798.56,798.56
0.711856,798.807,798.56,798.56
0.712356,799.438,798.56,798.56
0.712856,799.081,798.56,798.56
0.713357,798.141,798.56,798.56
0.713857,797.676,798.56,798.56
0.714357,798.204,798.56,798.56
0.714857,799.129,798.56,798.56
0.715358,799.411,798.56,798.56
0.715858,798.737,798.56,798.56
0.716358,797.868,798.56,798.56
0.716858,797.779,798.56,798.56
0.717359,798.566,798.56,798.56
0.717859,799.342,798.56,798.56
0.718359,799.237,798.56,798.56
0.718859,798.373,798.56,798.56
0.71936,797.723,798.56,798.56
0.71986,798.015,798.56,798.56
0.72036,798.917,798.56,798.56
0.72086,799.414,798.56,798.56
0.721361,798.951,798.56,798.56
0.721861,798.051,798.56,798.56
0.722361,797.727,798.56,798.56
0.722861,798.338,798.56,798.56
0.723362,799.195,798.56,798.56
0.723862,799.336,798.56,798.56
0.724362,798.605,798.56,798.56
0.724862,797.828,798.56,798.56
0.725363,797.875,798.56,798.56
0.725863,798.69,798.56,798.56
0.726363,799.355,798.56,798.56
0.726863,799.125,798.56,798.56
0.727364,798.262,798.56,798.56
0.727864,797.738,798.56,798.56
0.728364,798.138,798.56,798.56
0.728864,799.009,798.56,798.56
0.729365,799.373,798.56,798.56
0.729865,798.822,798.56,798.56
0.730365,797.981,798.56,798.56
0.730865,797.793,798.56,798.56
0.731366,798.466,798.56,798.56
0.731866,799.241,798.56,798.56
0.732366,799.249,798.56,798.56
0.732866,798.483,798.56,798.56
0.733367,797.808,798.56,798.56
0.733867,797.979,798.56,798.56
0.734367,798.801,798.56,798.56
0.734867,799.348,798.56,798.56
0.735368,799.009,798.56,798.56
0.735868,798.167,798.56,798.56
0.736368,797.77,798.56,798.56
0.736868,798.261,798.56,798.56
0.737369,799.084,798.56,798.56
0.737869,799.316,798.56,798.56
0.738369,798.698,798.56,798.56
0.738869,797.929,798.56,798.56
0.73937,797.871,798.56,798.56
0.73987,798.586,798.56,798.56
0.74037,799.268,798.56,798.56
0.74087,799.153,798.56,798.56
0.741371,798.373,798.56,798.56
0.741871,797.807,798.56,798.56
0.742371,798.088,798.56,798.56
0.742871,798.897,798.56,798.56
0.743372,799.324,798.56,798.56
0.743872,798.892,798.56,798.56
0.744372,798.089,798.56,798.56
0.744872,797.819,798.56,798.56
0.745373,798.381,798.56,798.56
0.745873,799.141,798.56,798.56
0.746373,799.246,798.56,798.56
0.746873,798.581,798.56,798.56
0.747374,797.896,798.56,798.56
0.747874,797.959,798.56,798.56
0.748374,798.696,798.56,798.56
0.748874,799.277,798.56,798.56
0.749375,799.051,798.56,798.56
0.749875,798.276,798.56,798.56
0.750375,797.823,798.56,798.56
0.750875,798.199,798.56,798.56
0.751376,798.978,798.56,798.56
0.751876,799.284,798.56,798.56
0.752376,798.777,798.56,798.56
0.752876,798.029,798.56,798.56
0.753377,797.88,798.56,798.56
0.753877,798.495,798.56,798.56
0.754377,799.179,798.56,798.56
0.754877,799.166,798.56,798.56
0.755378,798.473,798.56,798.56
0.755878,797.881,798.56,798.56
0.756378,798.053,798.56,798.56
0.756878,798.793,798.56,798.56
0.757379,799.268,798.56,798.56
0.757879,798.946,798.56,798.56
0.758379,798.193,798.56,798.56
0.758879,797.855,798.56,798.56
0.75938,798.309,798.56,798.56
0.75988,799.042,798.56,798.56
0.76038,799.231,798.56,798.56
0.76088,798.666,798.56,798.56
0.761381,797.985,798.56,798.56
0.761881,797.952,798.56,798.56
0.762381,798.601,798.56,798.56
0.762881,799.201,798.56,798.56
0.763382,799.078,798.56,798.56
0.763882,798.375,798.56,798.56
0.764382,797.883,798.56,798.56
0.764882,798.152,798.56,798.56
0.765383,798.878,798.56,798.56
0.765883,799.243,798.56,798.56
0.766383,798.841,798.56,798.56
0.766883,798.125,798.56,798.56
0.767384,797.901,798.56,798.56
0.767884,798.417,798.56,798.56
0.768384,799.091,798.56,798.56
0.768884,799.166,798.56,798.56
0.769385,798.561,798.56,798.56
0.769885,797.958,798.56,798.56
0.770385,798.033,798.56,798.56
0.770885,798.698,798.56,798.56
0.771386,799.205,798.56,798.56
0.771886,798.986,798.56,798.56
0.772386,798.29,798.56,798.56
0.772886,797.9,798.56,798.56
0.773387,798.252,798.56,798.56
0.773887,798.948,798.56,798.56
0.774387,799.205,798.56,798.56
0.774887,798.737,798.56,798.56
0.775388,798.073,798.56,798.56
0.775888,797.958,798.56,798.56
0.776388,798.519,798.56,798.56
0.776888,799.123,798.56,798.56
0.777389,799.093,798.56,798.56
0.777889,798.465,798.56,798.56
0.778389,797.947,798.56,798.56
0.778889,798.119,798.56,798.56
0.77939,798.784,798.56,798.56
0.77989,799.195,798.56,798.56
0.78039,798.891,798.56,798.56
0.78089,798.218,798.56,798.56
0.781391,797.931,798.56,798.56
0.781891,798.351,798.56,798.56
0.782391,799.003,798.56,798.56
0.782891,799.155,798.56,798.56
0.783392,798.638,798.56,798.56
0.783892,798.037,798.56,798.56
0.784392,798.025,798.56,798.56
0.784892,798.613,798.56,798.56
0.785393,799.139,798.56,798.56
0.785893,799.013,798.56,798.56
0.786393,798.379,798.56,798.56
0.786893,797.952,798.56,798.56
0.787394,798.208,798.56,798.56
0.787894,798.858,798.56,798.56
0.788394,799.17,798.56,798.56
0.788894,798.796,798.56,798.56
0.789395,798.159,798.56,798.56
0.789895,797.975,798.56,798.56
0.790395,798.447,798.56,798.56
0.790895,799.044,798.56,798.56
0.791396,799.095,798.56,798.56
0.791896,798.545,798.56,798.56
0.792396,798.015,798.56,798.56
0.792896,798.098,798.56,798.56
0.793397,798.699,798.56,798.56
0.793897,799.141,798.56,798.56
0.794397,798.929,798.56,798.56
0.794897,798.304,798.56,798.56
0.795398,797.97,798.56,798.56
0.795898,798.298,798.56,798.56
0.796398,798.919,798.56,798.56
0.796898,799.134,798.56,798.56
0.797399,798.704,798.56,798.56
0.797899,798.115,798.56,798.56
0.798399,798.028,798.56,798.56
0.798899,798.538,798.56,798.56
0.7994,799.07,798.56,798.56
0.7999,799.027,798.56,798.56
0.8004,798.46,798.56,798.56
0.8009,798.008,798.56,798.56
0.801401,798.177,798.56,798.56
0.801901,798.774,798.56,798.56
0.802401,799.129,798.56,798.56
0.802901,798.843,798.56,798.56
0.803402,798.242,798.56,798.56
0.803902,798,798.56,798.56
0.804402,798.387,798.56,798.56
0.804902,798.967,798.56,798.56
0.805403,799.087,798.56,798.56
0.805903,798.615,798.56,798.56
0.806403,798.084,798.56,798.56
0.806903,798.089,798.56,798.56
0.807404,798.622,798.56,798.56
0.807904,799.083,798.56,798.56
0.808404,798.955,798.56,798.56
0.808904,798.385,798.56,798.56
0.809405,798.014,798.56,798.56
0.809905,798.257,798.56,798.56
0.810405,798.839,798.56,798.56
0.810905,799.105,798.56,798.56
0.811406,798.758,798.56,798.56
0.811906,798.191,798.56,798.56
0.812406,798.04,798.56,798.56
0.812906,798.473,798.56,798.56
0.813407,799.001,798.56,798.56
0.813907,799.032,798.56,798.56
0.814407,798.533,798.56,798.56
0.814907,798.067,798.56,798.56
0.815408,798.156,798.56,798.56
0.815908,798.698,798.56,798.56
0.816408,799.082,798.56,798.56
0.816908,798.879,798.56,798.56
0.817409,798.319,798.56,798.56
0.817909,798.032,798.56,798.56
0.818409,798.339,798.56,798.56
0.818909,798.892,798.56,798.56
0.81941,799.07,798.56,798.56
0.81991,798.675,798.56,798.56
0.82041,798.153,798.56,798.56
0.82091,798.09,798.56,798.56
0.821411,798.554,798.56,798.56
0.821911,799.022,798.56,798.56
0.822411,798.97,798.56,798.56
0.822911,798.458,798.56,798.56
0.823412,798.063,798.56,798.56
0.823912,798.227,798.56,798.56
0.824412,798.764,798.56,798.56
0.824912,799.069,798.56,798.56
0.825413,798.802,798.56,798.56
0.825913,798.264,798.56,798.56
0.826413,798.061,798.56,798.56
0.826913,798.418,798.56,798.56
0.827414,798.932,798.56,798.56
0.827914,799.026,798.56,798.56
0.828414,798.596,798.56,798.56
0.828914,798.128,798.56,798.56
0.829415,798.146,798.56,798.56
0.829915,798.628,798.56,798.56
0.830415,799.031,798.56,798.56
0.830915,798.904,798.56,798.56
0.831416,798.391,798.56,798.56
0.831916,798.07,798.56,798.56
0.832416,798.3,798.56,798.56
0.832916,798.82,798.56,798.56
0.833417,799.046,798.56,798.56
0.833917,798.725,798.56,798.56
0.834417,798.221,798.56,798.56
0.834917,798.099,798.56,798.56
0.835418,798.495,798.56,798.56
0.835918,798.961,798.56,798.56
0.836418,798.975,798.56,798.56
0.836918,798.523,798.56,798.56
0.837419,798.115,798.56,798.56
0.837919,798.207,798.56,798.56
0.838419,798.695,798.56,798.56
0.838919,799.029,798.56,798.56
0.83942,798.835,798.56,798.56
0.83992,798.334,798.56,798.56
0.84042,798.089,798.56,798.56
0.84092,798.373,798.56,798.56
0.841421,798.866,798.56,798.56
0.841921,799.013,798.56,798.56
0.842421,798.651,798.56,798.56
0.842921,798.189,798.56,798.56
0.843422,798.145,798.56,798.56
0.843922,798.567,798.56,798.56
0.844422,798.979,798.56,798.56
0.844922,798.919,798.56,798.56
0.845423,798.457,798.56,798.56
0.845923,798.113,798.56,798.56
0.846423,798.272,798.56,798.56
0.846923,798.753,798.56,798.56
0.847424,799.015,798.56,798.56
0.847924,798.765,798.56,798.56
0.848424,798.286,798.56,798.56
0.848924,798.116,798.56,798.56
0.849425,798.445,798.56,798.56
0.849925,798.901,798.56,798.56
0.850425,798.972,798.56,798.56
0.850925,798.581,798.56,798.56
0.851426,798.168,798.56,798.56
0.851926,798.197,798.56,798.56
0.852426,798.633,798.56,798.56
0.852926,798.985,798.56,798.56
0.853427,798.859,798.56,798.56
0.853927,798.398,798.56,798.56
0.854427,798.121,798.56,798.56
0.854927,798.338,798.56,798.56
0.855428,798.802,798.56,798.56
0.855928,798.993,798.56,798.56
0.856428,798.697,798.56,798.56
0.856928,798.249,798.56,798.56
0.857429,798.152,798.56,798.56
0.857929,798.513,798.56,798.56
0.858429,798.925,798.56,798.56
0.858929,798.925,798.56,798.56
0.85943,798.516,798.56,798.56
0.85993,798.158,798.56,798.56
0.86043,798.253,798.56,798.56
0.86093,798.691,798.56,798.56
0.861431,798.981,798.56,798.56
0.861931,798.797,798.56,798.56
0.862431,798.348,798.56,798.56
0.862931,798.139,798.56,798.56
0.863432,798.403,798.56,798.56
0.863932,798.842,798.56,798.56
0.864432,798.962,798.56,798.56
0.864932,798.631,798.56,798.56
0.865433,798.222,798.56,798.56
0.865933,798.194,798.56,798.56
0.866433,798.577,798.56,798.56
0.866933,798.939,798.56,798.56
0.867434,798.874,798.56,798.56
0.867934,798.457,798.56,798.56
0.868434,798.158,798.56,798.56
0.868934,798.311,798.56,798.56
0.869435,798.742,798.56,798.56
0.869935,798.967,798.56,798.56
0.870435,798.734,798.56,798.56
0.870935,798.307,798.56,798.56
0.871436,798.166,798.56,798.56
0.871936,798.467,798.56,798.56
0.872436,798.871,798.56,798.56
0.872936,798.924,798.56,798.56
0.873437,798.568,798.56,798.56
0.873937,798.205,798.56,798.56
0.874437,798.241,798.56,798.56
0.874937,798.635,798.56,798.56
0.875438,798.943,798.56,798.56
0.875938,798.819,798.56,798.56
0.876438,798.406,798.56,798.56
0.876938,798.167,798.56,798.56
0.877439,798.37,798.56,798.56
0.877939,798.785,798.56,798.56
0.878439,798.945,798.56,798.56
0.878939,798.672,798.56,798.56
0.87944,798.275,798.56,798.56
0.87994,798.199,798.56,798.56
0.88044,798.528,798.56,798.56
0.88094,798.891,798.56,798.56
0.881441,798.881,798.56,798.56
0.881941,798.511,798.56,798.56
0.882441,798.197,798.56,798.56
0.882941,798.292,798.56,798.56
0.883442,798.687,798.56,798.56
0.883942,798.937,798.56,798.56
0.884442,798.763,798.56,798.56
0.884942,798.362,798.56,798.56
0.885443,798.185,798.56,798.56
0.885943,798.429,798.56,798.56
0.886443,798.819,798.56,798.56
0.886943,798.916,798.56,798.56
0.887444,798.613,798.56,798.56
0.887944,798.252,798.56,798.56
0.888444,798.238,798.56,798.56
0.888944,798.585,798.56,798.56
0.889445,798.902,798.56,798.56
0.889945,798.834,798.56,798.56
0.890445,798.459,798.56,798.56
0.890945,798.199,798.56,798.56
0.891446,798.345,798.56,798.56
0.891946,798.732,798.56,798.56
0.892446,798.924,798.56,798.56
0.892946,798.707,798.56,798.56
0.893447,798.326,798.56,798.56
0.893947,798.21,798.56,798.56
0.894447,798.486,798.56,798.56
0.894947,798.844,798.56,798.56
0.895448,798.881,798.56,798.56
0.895948,798.558,798.56,798.56
0.896448,798.238,798.56,798.56
0.896948,798.281,798.56,798.56
0.897449,798.636,798.56,798.56
0.897949,798.904,798.56,798.56
0.898449,798.785,798.56,798.56
0.898949,798.414,798.56,798.56
0.89945,798.209,798.56,798.56
0.89995,798.399,798.56,798.56
0.90045,798.769,798.56,798.56
0.90095,798.903,798.56,798.56
0.901451,798.652,798.56,798.56
0.901951,798.299,798.56,798.56
0.902451,798.241,798.56,798.56
0.902951,798.541,798.56,798.56
0.903452,798.861,798.56,798.56
0.903952,798.842,798.56,798.56
0.904452,798.507,798.56,798.56
0.904952,798.233,798.56,798.56
0.905453,798.327,798.56,798.56
0.905953,798.682,798.56,798.56
0.906453,798.898,798.56,798.56
0.906953,798.734,798.56,798.56
0.907454,798.375,798.56,798.56
0.907954,798.226,798.56,798.56
0.908454,798.451,798.56,798.56
0.908954,798.798,798.56,798.56
0.909455,798.876,798.56,798.56
0.909955,798.599,798.56,798.56
0.910455,798.28,798.56,798.56
0.910955,798.276,798.56,798.56
0.911456,798.591,798.56,798.56
0.911956,798.869,798.56,798.56
0.912456,798.799,798.56,798.56
0.912956,798.461,798.56,798.56
0.913457,798.236,798.56,798.56
0.913957,798.375,798.56,798.56
0.914457,798.721,798.56,798.56
0.914957,798.884,798.56,798.56
0.915458,798.683,798.56,798.56
0.915958,798.345,798.56,798.56
0.916458,798.249,798.56,798.56
0.916958,798.503,798.56,798.56
0.917459,798.819,798.56,798.56
0.917959,798.843,798.56,798.56
0.918459,798.55,798.56,798.56
0.918959,798.269,798.56,798.56
0.91946,798.316,798.56,798.56
0.91996,798.636,798.56,798.56
0.92046,798.869,798.56,798.56
0.92096,798.754,798.56,798.56
0.921461,798.422,798.56,798.56
0.921961,798.246,798.56,798.56
0.922461,798.423,798.56,798.56
0.922961,798.753,798.56,798.56
0.923462,798.865,798.56,798.56
0.923962,798.634,798.56,798.56
0.924462,798.321,798.56,798.56
0.924962,798.278,798.56,798.56
0.925463,798.551,798.56,798.56
0.925963,798.833,798.56,798.56
0.926463,798.807,798.56,798.56
0.926963,798.505,798.56,798.56
0.927464,798.266,798.56,798.56
0.927964,798.358,798.56,798.56
0.928464,798.676,798.56,798.56
0.928964,798.863,798.56,798.56
0.929465,798.708,798.56,798.56
0.929965,798.388,798.56,798.56
0.930465,798.262,798.56,798.56
0.930965,798.471,798.56,798.56
0.931466,798.778,798.56,798.56
0.931966,798.839,798.56,798.56
0.932466,798.587,798.56,798.56
0.932966,798.306,798.56,798.56
0.933467,798.311,798.56,798.56
0.933967,798.595,798.56,798.56
0.934467,798.839,798.56,798.56
0.934967,798.768,798.56,798.56
0.935468,798.464,798.56,798.56
0.935968,798.269,798.56,798.56
0.936468,798.401,798.56,798.56
0.936968,798.71,798.56,798.56
0.937469,798.849,798.56,798.56
0.937969,798.663,798.56,798.56
0.938469,798.362,798.56,798.56
0.938969,798.284,798.56,798.56
0.93947,798.516,798.56,798.56
0.93997,798.796,798.56,798.56
0.94047,798.809,798.56,798.56
0.94097,798.543,798.56,798.56
0.941471,798.297,798.56,798.56
0.941971,798.347,798.56,798.56
0.942471,798.635,798.56,798.56
0.942971,798.838,798.56,798.56
0.943472,798.727,798.56,798.56
0.943972,798.43,798.56,798.56
0.944472,798.28,798.56,798.56
0.944972,798.444,798.56,798.56
0.945473,798.738,798.56,798.56
0.945973,798.83,798.56,798.56
0.946473,798.619,798.56,798.56
0.946973,798.342,798.56,798.56
0.947474,798.311,798.56,798.56
0.947974,798.559,798.56,798.56
0.948474,798.807,798.56,798.56
0.948974,798.776,798.56,798.56
0.949475,798.503,798.56,798.56
0.949975,798.295,798.56,798.56
0.950475,798.385,798.56,798.56
0.950975,798.671,798.56,798.56
0.951476,798.831,798.56,798.56
0.951976,798.686,798.56,798.56
0.952476,798.401,798.56,798.56
0.952976,798.295,798.56,798.56
0.953477,798.487,798.56,798.56
0.953977,798.759,798.56,798.56
0.954477,798.807,798.56,798.56
0.954977,798.577,798.56,798.56
0.955478,798.329,798.56,798.56
0.955978,798.341,798.56,798.56
0.956478,798.599,798.56,798.56
0.956978,798.811,798.56,798.56
0.957479,798.741,798.56,798.56
0.957979,798.468,798.56,798.56
0.958479,798.3,798.56,798.56
0.958979,798.424,798.56,798.56
0.95948,798.7,798.56,798.56
0.95998,798.818,798.56,798.56
0.96048,798.646,798.56,798.56
0.96098,798.378,798.56,798.56
0.961481,798.316,798.56,798.56
0.961981,798.528,798.56,798.56
0.962481,798.774,798.56,798.56
0.962981,798.779,798.56,798.56
0.963482,798.538,798.56,798.56
0.963982,798.323,798.56,798.56
0.964482,798.374,798.56,798.56
0.964982,798.634,798.56,798.56
0.965483,798.809,798.56,798.56
0.965983,798.704,798.56,798.56
0.966483,798.438,798.56,798.56
0.966983,798.31,798.56,798.56
0.967484,798.463,798.56,798.56
0.967984,798.724,798.56,798.56
0.968484,798.8,798.56,798.56
0.968984,798.606,798.56,798.56
0.969485,798.361,798.56,798.56
0.969985,798.341,798.56,798.56
0.970485,798.566,798.56,798.56
0.970985,798.783,798.56,798.56
0.971486,798.749,798.56,798.56
0.971986,798.503,798.56,798.56
0.972486,798.322,798.56,798.56
0.972986,798.409,798.56,798.56
0.973487,798.665,798.56,798.56
0.973987,798.802,798.56,798.56
0.974487,798.667,798.56,798.56
0.974987,798.413,798.56,798.56
0.975488,798.325,798.56,798.56
0.975988,798.501,798.56,798.56
0.976488,798.742,798.56,798.56
0.976988,798.778,798.56,798.56
0.977489,798.569,798.56,798.56
0.977989,798.351,798.56,798.56
0.978489,798.368,798.56,798.56
0.978989,798.601,798.56,798.56
0.97949,798.786,798.56,798.56
0.97999,798.717,798.56,798.56
0.98049,798.472,798.56,798.56
0.98099,798.327,798.56,798.56
0.981491,798.444,798.56,798.56
0.981991,798.69,798.56,798.56
0.982491,798.789,798.56,798.56
0.982991,798.631,798.56,798.56
0.983492,798.393,798.56,798.56
0.983992,798.344,798.56,798.56
0.984492,798.537,798.56,798.56
0.984992,798.755,798.56,798.56
0.985493,798.753,798.56,798.56
0.985993,798.534,798.56,798.56
0.986493,798.346,798.56,798.56
0.986993,798.398,798.56,798.56
0.987494,798.632,798.56,798.56
0.987994,798.783,798.56,798.56
0.988494,798.684,798.56,798.56
0.988994,798.446,798.56,798.56
0.989495,798.337,798.56,798.56
0.989995,798.479,798.56,798.56
0.990495,798.711,798.56,798.56
0.990995,798.773,798.56,798.56
0.991496,798.595,798.56,798.56
0.991996,798.379,798.56,798.56
0.992496,798.367,798.56,798.56
0.992996,798.571,798.56,798.56
0.993497,798.762,798.56,798.56
0.993997,798.725,798.56,798.56
0.994497,798.503,798.56,798.56
0.994997,798.346,798.56,798.56
0.995498,798.429,798.56,798.56
0.995998,798.659,798.56,798.56
0.996498,798.776,798.56,798.56
0.996998,798.65,798.56,798.56
0.997499,798.424,798.56,798.56
0.997999,798.351,798.56,798.56
0.998499,798.513,798.56,798.56
0.998999,798.726,798.56,798.56
0.9995,798.752,798.56,798.56
1,798.562,798.56,798.56
