t_s,f_Hz_H1s,f_Hz_H3s,f_Hz_H6s
0,50,50,50
0.00050025,50.0006,50.0002,50.0001
0.0010005,50.0012,50.0004,50.0002
0.00150075,50.0018,50.0006,50.0003
0.002001,50.0025,50.0008,50.0004
0.00250125,50.003,50.001,50.0005
0.0030015,50.0036,50.0012,50.0006
0.00350175,50.0042,50.0014,50.0007
0.004002,50.0048,50.0016,50.0008
0.00450225,50.0053,50.0018,50.0009
0.0050025,50.0059,50.002,50.001
0.00550275,50.0064,50.0022,50.0011
0.006003,50.007,50.0024,50.0012
0.00650325,50.0075,50.0026,50.0013
0.0070035,50.0081,50.0028,50.0014
0.00750375,50.0086,50.003,50.0015
0.008004,50.0091,50.0032,50.0016
0.00850425,50.0096,50.0034,50.0017
0.0090045,50.0101,50.0036,50.0018
0.00950475,50.0106,50.0038,50.0019
0.010005,50.0111,50.004,50.002
0.0105053,50.0116,50.0042,50.0021
0.0110055,50.0121,50.0044,50.0022
0.0115058,50.0125,50.0046,50.0023
0.012006,50.013,50.0048,50.0024
0.0125063,50.0135,50.005,50.0025
0.0130065,50.0139,50.0052,50.0026
0.0135068,50.0144,50.0053,50.0027
0.014007,50.0148,50.0055,50.0028
0.0145073,50.0153,50.0057,50.0029
0.0150075,50.0157,50.0059,50.003
0.0155078,50.0161,50.0061,50.0031
0.016008,50.0165,50.0063,50.0032
0.0165083,50.0169,50.0064,50.0033
0.0170085,50.0174,50.0066,50.0034
0.0175088,50.0178,50.0068,50.0035
0.018009,50.0182,50.007,50.0036
0.0185093,50.0186,50.0072,50.0037
0.0190095,50.019,50.0073,50.0038
0.0195098,50.0193,50.0075,50.0039
0.02001,50.0197,50.0077,50.004
0.0205103,50.0201,50.0079,50.0041
0.0210105,50.0205,50.008,50.0042
0.0215108,50.0208,50.0082,50.0043
0.022011,50.0212,50.0084,50.0044
0.0225113,50.0216,50.0086,50.0045
0.0230115,50.0219,50.0087,50.0046
0.0235118,50.0223,50.0089,50.0047
0.024012,50.0226,50.0091,50.0048
0.0245123,50.0229,50.0093,50.0049
0.0250125,50.0233,50.0094,50.005
0.0255128,50.0236,50.0096,50.0051
0.026013,50.0239,50.0098,50.0051
0.0265133,50.0243,50.0099,50.0052
0.0270135,50.0246,50.0101,50.0053
0.0275138,50.0249,50.0103,50.0054
0.028014,50.0252,50.0104,50.0055
0.0285143,50.0255,50.0106,50.0056
0.0290145,50.0258,50.0108,50.0057
0.0295148,50.0261,50.0109,50.0058
0.030015,50.0264,50.0111,50.0059
0.0305153,50.0267,50.0112,50.006
0.0310155,50.027,50.0114,50.0061
0.0315158,50.0273,50.0116,50.0062
0.032016,50.0276,50.0117,50.0063
0.0325163,50.0278,50.0119,50.0063
0.0330165,50.0281,50.012,50.0064
0.0335168,50.0284,50.0122,50.0065
0.034017,50.0287,50.0124,50.0066
0.0345173,50.0289,50.0125,50.0067
0.0350175,50.0292,50.0127,50.0068
0.0355178,50.0294,50.0128,50.0069
0.036018,50.0297,50.013,50.007
0.0365183,50.03,50.0131,50.0071
0.0370185,50.0302,50.0133,50.0072
0.0375188,50.0304,50.0134,50.0072
0.038019,50.0307,50.0136,50.0073
0.0385193,50.0309,50.0137,50.0074
0.0390195,50.0312,50.0139,50.0075
0.0395198,50.0314,50.014,50.0076
0.04002,50.0316,50.0142,50.0077
0.0405203,50.0319,50.0143,50.0078
0.0410205,50.0321,50.0145,50.0079
0.0415208,50.0323,50.0146,50.0079
0.042021,50.0325,50.0148,50.008
0.0425213,50.0327,50.0149,50.0081
0.0430215,50.033,50.0151,50.0082
0.0435218,50.0332,50.0152,50.0083
0.044022,50.0334,50.0154,50.0084
0.0445223,50.0336,50.0155,50.0085
0.0450225,50.0338,50.0156,50.0086
0.0455228,50.034,50.0158,50.0086
0.046023,50.0342,50.0159,50.0087
0.0465233,50.0344,50.0161,50.0088
0.0470235,50.0346,50.0162,50.0089
0.0475238,50.0348,50.0164,50.009
0.048024,50.0349,50.0165,50.0091
0.0485243,50.0351,50.0166,50.0092
0.0490245,50.0353,50.0168,50.0092
0.0495248,50.0355,50.0169,50.0093
0.050025,50.0357,50.017,50.0094
0.0505253,50.0359,50.0172,50.0095
0.0510255,50.036,50.0173,50.0096
0.0515258,50.0362,50.0175,50.0097
0.052026,50.0364,50.0176,50.0097
0.0525263,50.0365,50.0177,50.0098
0.0530265,50.0367,50.0179,50.0099
0.0535268,50.0369,50.018,50.01
0.054027,50.037,50.0181,50.0101
0.0545273,50.0372,50.0183,50.0102
0.0550275,50.0374,50.0184,50.0102
0.0555278,50.0375,50.0185,50.0103
0.056028,50.0377,50.0187,50.0104
0.0565283,50.0378,50.0188,50.0105
0.0570285,50.038,50.0189,50.0106
0.0575288,50.0381,50.019,50.0107
0.058029,50.0383,50.0192,50.0107
0.0585293,50.0384,50.0193,50.0108
0.0590295,50.0386,50.0194,50.0109
0.0595298,50.0387,50.0196,50.011
0.06003,50.0388,50.0197,50.0111
0.0605303,50.039,50.0198,50.0111
0.0610305,50.0391,50.0199,50.0112
0.0615308,50.0392,50.0201,50.0113
0.062031,50.0394,50.0202,50.0114
0.0625313,50.0395,50.0203,50.0115
0.0630315,50.0396,50.0204,50.0115
0.0635318,50.0398,50.0205,50.0116
0.064032,50.0399,50.0207,50.0117
0.0645323,50.04,50.0208,50.0118
0.0650325,50.0401,50.0209,50.0119
0.0655328,50.0403,50.021,50.0119
0.066033,50.0404,50.0212,50.012
0.0665333,50.0405,50.0213,50.0121
0.0670335,50.0406,50.0214,50.0122
0.0675338,50.0407,50.0215,50.0123
0.068034,50.0408,50.0216,50.0123
0.0685343,50.041,50.0217,50.0124
0.0690345,50.0411,50.0219,50.0125
0.0695348,50.0412,50.022,50.0126
0.070035,50.0413,50.0221,50.0127
0.0705353,50.0414,50.0222,50.0127
0.0710355,50.0415,50.0223,50.0128
0.0715358,50.0416,50.0224,50.0129
0.072036,50.0417,50.0226,50.013
0.0725363,50.0418,50.0227,50.013
0.0730365,50.0419,50.0228,50.0131
0.0735368,50.042,50.0229,50.0132
0.074037,50.0421,50.023,50.0133
0.0745373,50.0422,50.0231,50.0133
0.0750375,50.0423,50.0232,50.0134
0.0755378,50.0424,50.0233,50.0135
0.076038,50.0425,50.0235,50.0136
0.0765383,50.0426,50.0236,50.0136
0.0770385,50.0427,50.0237,50.0137
0.0775388,50.0428,50.0238,50.0138
0.078039,50.0429,50.0239,50.0139
0.0785393,50.0429,50.024,50.0139
0.0790395,50.043,50.0241,50.014
0.0795398,50.0431,50.0242,50.0141
0.08004,50.0432,50.0243,50.0142
0.0805403,50.0433,50.0244,50.0142
0.0810405,50.0434,50.0245,50.0143
0.0815408,50.0434,50.0246,50.0144
0.082041,50.0435,50.0247,50.0145
0.0825413,50.0436,50.0249,50.0145
0.0830415,50.0437,50.025,50.0146
0.0835418,50.0438,50.0251,50.0147
0.084042,50.0438,50.0252,50.0148
0.0845423,50.0439,50.0253,50.0148
0.0850425,50.044,50.0254,50.0149
0.0855428,50.0441,50.0255,50.015
0.086043,50.0441,50.0256,50.0151
0.0865433,50.0442,50.0257,50.0151
0.0870435,50.0443,50.0258,50.0152
0.0875438,50.0444,50.0259,50.0153
0.088044,50.0444,50.026,50.0153
0.0885443,50.0445,50.0261,50.0154
0.0890445,50.0446,50.0262,50.0155
0.0895448,50.0446,50.0263,50.0156
0.090045,50.0447,50.0264,50.0156
0.0905453,50.0448,50.0265,50.0157
0.0910455,50.0448,50.0266,50.0158
0.0915458,50.0449,50.0267,50.0158
0.092046,50.0449,50.0268,50.0159
0.0925463,50.045,50.0269,50.016
0.0930465,50.0451,50.027,50.0161
0.0935468,50.0451,50.0271,50.0161
0.094047,50.0452,50.0271,50.0162
0.0945473,50.0452,50.0272,50.0163
0.0950475,50.0453,50.0273,50.0163
0.0955478,50.0454,50.0274,50.0164
0.096048,50.0454,50.0275,50.0165
0.0965483,50.0455,50.0276,50.0166
0.0970485,50.0455,50.0277,50.0166
0.0975488,50.0456,50.0278,50.0167
0.098049,50.0456,50.0279,50.0168
0.0985493,50.0457,50.028,50.0168
0.0990495,50.0457,50.0281,50.0169
0.0995498,50.0458,50.0282,50.017
0.10005,50.0458,50.0283,50.017
0.10055,50.0459,50.0283,50.0171
0.101051,50.0459,50.0284,50.0172
0.101551,50.0459,50.0285,50.0172
0.102051,50.0458,50.0285,50.0173
0.102551,50.0456,50.0285,50.0173
0.103052,50.0453,50.0285,50.0173
0.103552,50.045,50.0285,50.0173
0.104052,50.0447,50.0285,50.0173
0.104552,50.0444,50.0284,50.0173
0.105053,50.0441,50.0284,50.0173
0.105553,50.0438,50.0283,50.0173
0.106053,50.0434,50.0283,50.0173
0.106553,50.0429,50.0282,50.0173
0.107054,50.0424,50.0281,50.0173
0.107554,50.0418,50.0279,50.0172
0.108054,50.0413,50.0278,50.0172
0.108554,50.0408,50.0277,50.0171
0.109055,50.0403,50.0276,50.0171
0.109555,50.0397,50.0274,50.0171
0.110055,50.0391,50.0273,50.017
0.110555,50.0384,50.0271,50.0169
0.111056,50.0377,50.0269,50.0169
0.111556,50.037,50.0267,50.0168
0.112056,50.0363,50.0265,50.0167
0.112556,50.0356,50.0264,50.0166
0.113057,50.035,50.0262,50.0166
0.113557,50.0343,50.026,50.0165
0.114057,50.0335,50.0258,50.0164
0.114557,50.0328,50.0255,50.0163
0.115058,50.0319,50.0253,50.0162
0.115558,50.0311,50.025,50.0161
0.116058,50.0303,50.0248,50.016
0.116558,50.0296,50.0246,50.0159
0.117059,50.0288,50.0243,50.0158
0.117559,50.028,50.0241,50.0157
0.118059,50.0272,50.0238,50.0156
0.118559,50.0264,50.0236,50.0155
0.11906,50.0255,50.0233,50.0154
0.11956,50.0246,50.023,50.0152
0.12006,50.0238,50.0227,50.0151
0.12056,50.023,50.0225,50.015
0.121061,50.0222,50.0222,50.0149
0.121561,50.0213,50.0219,50.0147
0.122061,50.0205,50.0216,50.0146
0.122561,50.0196,50.0213,50.0145
0.123062,50.0187,50.021,50.0143
0.123562,50.0178,50.0207,50.0142
0.124062,50.017,50.0204,50.0141
0.124562,50.0161,50.0201,50.0139
0.125063,50.0153,50.0198,50.0138
0.125563,50.0145,50.0195,50.0137
0.126063,50.0136,50.0192,50.0135
0.126563,50.0127,50.0189,50.0134
0.127064,50.0118,50.0186,50.0132
0.127564,50.011,50.0183,50.0131
0.128064,50.0101,50.0179,50.0129
0.128564,50.0093,50.0176,50.0128
0.129065,50.0085,50.0173,50.0126
0.129565,50.0076,50.017,50.0125
0.130065,50.0068,50.0167,50.0123
0.130565,50.0059,50.0164,50.0122
0.131066,50.0051,50.016,50.012
0.131566,50.0042,50.0157,50.0119
0.132066,50.0034,50.0154,50.0117
0.132566,50.0026,50.0151,50.0116
0.133067,50.0018,50.0147,50.0114
0.133567,50.001,50.0144,50.0112
0.134067,50.0001,50.0141,50.0111
0.134567,49.9993,50.0137,50.0109
0.135068,49.9985,50.0134,50.0108
0.135568,49.9976,50.0131,50.0106
0.136068,49.9969,50.0127,50.0104
0.136568,49.9961,50.0124,50.0103
0.137069,49.9953,50.0121,50.0101
0.137569,49.9945,50.0118,50.01
0.138069,49.9938,50.0114,50.0098
0.138569,49.993,50.0111,50.0096
0.13907,49.9922,50.0107,50.0095
0.13957,49.9914,50.0104,50.0093
0.14007,49.9906,50.0101,50.0091
0.14057,49.9899,50.0097,50.009
0.141071,49.9892,50.0094,50.0088
0.141571,49.9884,50.0091,50.0086
0.142071,49.9877,50.0088,50.0085
0.142571,49.9869,50.0084,50.0083
0.143072,49.9862,50.0081,50.0081
0.143572,49.9855,50.0077,50.008
0.144072,49.9847,50.0074,50.0078
0.144572,49.9841,50.0071,50.0076
0.145073,49.9834,50.0068,50.0075
0.145573,49.9827,50.0064,50.0073
0.146073,49.982,50.0061,50.0071
0.146573,49.9813,50.0058,50.007
0.147074,49.9806,50.0054,50.0068
0.147574,49.9799,50.0051,50.0066
0.148074,49.9792,50.0048,50.0065
0.148574,49.9786,50.0044,50.0063
0.149075,49.9779,50.0041,50.0061
0.149575,49.9773,50.0038,50.006
0.150075,49.9766,50.0035,50.0058
0.150575,49.976,50.0031,50.0056
0.151076,49.9753,50.0028,50.0055
0.151576,49.9747,50.0025,50.0053
0.152076,49.9741,50.0022,50.0051
0.152576,49.9735,50.0018,50.005
0.153077,49.9729,50.0015,50.0048
0.153577,49.9723,50.0012,50.0046
0.154077,49.9717,50.0009,50.0045
0.154577,49.9711,50.0006,50.0043
0.155078,49.9705,50.0002,50.0041
0.155578,49.9699,49.9999,50.004
0.156078,49.9693,49.9996,50.0038
0.156578,49.9688,49.9993,50.0036
0.157079,49.9682,49.999,50.0035
0.157579,49.9676,49.9987,50.0033
0.158079,49.9671,49.9983,50.0031
0.158579,49.9665,49.998,50.003
0.15908,49.966,49.9977,50.0028
0.15958,49.9654,49.9974,50.0026
0.16008,49.9649,49.9971,50.0024
0.16058,49.9644,49.9968,50.0023
0.161081,49.9639,49.9965,50.0021
0.161581,49.9634,49.9962,50.002
0.162081,49.9629,49.9959,50.0018
0.162581,49.9623,49.9955,50.0016
0.163082,49.9618,49.9952,50.0015
0.163582,49.9613,49.9949,50.0013
0.164082,49.9608,49.9946,50.0011
0.164582,49.9604,49.9943,50.001
0.165083,49.9599,49.994,50.0008
0.165583,49.9594,49.9937,50.0006
0.166083,49.959,49.9934,50.0005
0.166583,49.9585,49.9931,50.0003
0.167084,49.958,49.9928,50.0001
0.167584,49.9576,49.9925,50
0.168084,49.9571,49.9922,49.9998
0.168584,49.9567,49.9919,49.9996
0.169085,49.9562,49.9916,49.9995
0.169585,49.9558,49.9914,49.9993
0.170085,49.9554,49.9911,49.9992
0.170585,49.9549,49.9908,49.999
0.171086,49.9545,49.9905,49.9988
0.171586,49.9541,49.9902,49.9987
0.172086,49.9537,49.9899,49.9985
0.172586,49.9533,49.9896,49.9983
0.173087,49.9529,49.9893,49.9982
0.173587,49.9525,49.989,49.998
0.174087,49.9521,49.9888,49.9979
0.174587,49.9517,49.9885,49.9977
0.175088,49.9513,49.9882,49.9975
0.175588,49.9509,49.9879,49.9974
0.176088,49.9506,49.9876,49.9972
0.176588,49.9502,49.9874,49.9971
0.177089,49.9498,49.9871,49.9969
0.177589,49.9495,49.9868,49.9967
0.178089,49.9491,49.9865,49.9966
0.178589,49.9487,49.9863,49.9964
0.17909,49.9484,49.986,49.9963
0.17959,49.948,49.9857,49.9961
0.18009,49.9477,49.9854,49.996
0.18059,49.9474,49.9852,49.9958
0.181091,49.947,49.9849,49.9956
0.181591,49.9467,49.9846,49.9955
0.182091,49.9464,49.9844,49.9953
0.182591,49.946,49.9841,49.9952
0.183092,49.9457,49.9838,49.995
0.183592,49.9454,49.9836,49.9949
0.184092,49.9451,49.9833,49.9947
0.184592,49.9448,49.983,49.9946
0.185093,49.9445,49.9828,49.9944
0.185593,49.9442,49.9825,49.9942
0.186093,49.9439,49.9823,49.9941
0.186593,49.9436,49.982,49.9939
0.187094,49.9433,49.9817,49.9938
0.187594,49.943,49.9815,49.9936
0.188094,49.9427,49.9812,49.9935
0.188594,49.9424,49.981,49.9933
0.189095,49.9422,49.9807,49.9932
0.189595,49.9419,49.9805,49.993
0.190095,49.9416,49.9802,49.9929
0.190595,49.9414,49.98,49.9927
0.191096,49.9411,49.9797,49.9926
0.191596,49.9408,49.9795,49.9924
0.192096,49.9406,49.9792,49.9923
0.192596,49.9403,49.979,49.9921
0.193097,49.9401,49.9787,49.992
0.193597,49.9398,49.9785,49.9918
0.194097,49.9396,49.9782,49.9917
0.194597,49.9393,49.978,49.9915
0.195098,49.9391,49.9778,49.9914
0.195598,49.9388,49.9775,49.9912
0.196098,49.9386,49.9773,49.9911
0.196598,49.9384,49.977,49.9909
0.197099,49.9381,49.9768,49.9908
0.197599,49.9379,49.9766,49.9906
0.198099,49.9377,49.9763,49.9905
0.198599,49.9375,49.9761,49.9903
0.1991,49.9372,49.9759,49.9902
0.1996,49.937,49.9756,49.99
0.2001,49.9368,49.9754,49.9899
0.2006,49.9366,49.9752,49.9897
0.201101,49.9364,49.9749,49.9896
0.201601,49.9362,49.9747,49.9894
0.202101,49.936,49.9745,49.9893
0.202601,49.9358,49.9742,49.9892
0.203102,49.9356,49.974,49.989
0.203602,49.9354,49.9738,49.9889
0.204102,49.9352,49.9736,49.9887
0.204602,49.935,49.9733,49.9886
0.205103,49.9348,49.9731,49.9884
0.205603,49.9346,49.9729,49.9883
0.206103,49.9344,49.9727,49.9882
0.206603,49.9343,49.9725,49.988
0.207104,49.9341,49.9722,49.9879
0.207604,49.9339,49.972,49.9877
0.208104,49.9337,49.9718,49.9876
0.208604,49.9336,49.9716,49.9874
0.209105,49.9334,49.9714,49.9873
0.209605,49.9332,49.9712,49.9872
0.210105,49.933,49.9709,49.987
0.210605,49.9329,49.9707,49.9869
0.211106,49.9327,49.9705,49.9867
0.211606,49.9325,49.9703,49.9866
0.212106,49.9324,49.9701,49.9865
0.212606,49.9322,49.9699,49.9863
0.213107,49.9321,49.9697,49.9862
0.213607,49.9319,49.9695,49.986
0.214107,49.9318,49.9693,49.9859
0.214607,49.9316,49.9691,49.9858
0.215108,49.9315,49.9689,49.9856
0.215608,49.9313,49.9686,49.9855
0.216108,49.9312,49.9684,49.9854
0.216608,49.931,49.9682,49.9852
0.217109,49.9309,49.968,49.9851
0.217609,49.9308,49.9678,49.9849
0.218109,49.9306,49.9676,49.9848
0.218609,49.9305,49.9674,49.9847
0.21911,49.9303,49.9672,49.9845
0.21961,49.9302,49.967,49.9844
0.22011,49.9301,49.9668,49.9843
0.22061,49.93,49.9666,49.9841
0.221111,49.9298,49.9665,49.984
0.221611,49.9297,49.9663,49.9839
0.222111,49.9296,49.9661,49.9837
0.222611,49.9295,49.9659,49.9836
0.223112,49.9293,49.9657,49.9835
0.223612,49.9292,49.9655,49.9833
0.224112,49.9291,49.9653,49.9832
0.224612,49.929,49.9651,49.9831
0.225113,49.9289,49.9649,49.9829
0.225613,49.9287,49.9647,49.9828
0.226113,49.9286,49.9645,49.9827
0.226613,49.9285,49.9644,49.9825
0.227114,49.9284,49.9642,49.9824
0.227614,49.9283,49.964,49.9823
0.228114,49.9282,49.9638,49.9822
0.228614,49.9281,49.9636,49.982
0.229115,49.928,49.9634,49.9819
0.229615,49.9279,49.9632,49.9818
0.230115,49.9278,49.9631,49.9816
0.230615,49.9277,49.9629,49.9815
0.231116,49.9276,49.9627,49.9814
0.231616,49.9275,49.9625,49.9812
0.232116,49.9274,49.9623,49.9811
0.232616,49.9273,49.9622,49.981
0.233117,49.9272,49.962,49.9809
0.233617,49.9271,49.9618,49.9807
0.234117,49.927,49.9616,49.9806
0.234617,49.9269,49.9615,49.9805
0.235118,49.9268,49.9613,49.9804
0.235618,49.9267,49.9611,49.9802
0.236118,49.9266,49.9609,49.9801
0.236618,49.9266,49.9608,49.98
0.237119,49.9265,49.9606,49.9798
0.237619,49.9264,49.9604,49.9797
0.238119,49.9263,49.9603,49.9796
0.238619,49.9262,49.9601,49.9795
0.23912,49.9261,49.9599,49.9793
0.23962,49.926,49.9598,49.9792
0.24012,49.926,49.9596,49.9791
0.24062,49.9259,49.9594,49.979
0.241121,49.9258,49.9593,49.9789
0.241621,49.9257,49.9591,49.9787
0.242121,49.9257,49.9589,49.9786
0.242621,49.9256,49.9588,49.9785
0.243122,49.9255,49.9586,49.9784
0.243622,49.9254,49.9584,49.9782
0.244122,49.9254,49.9583,49.9781
0.244622,49.9253,49.9581,49.978
0.245123,49.9252,49.958,49.9779
0.245623,49.9252,49.9578,49.9778
0.246123,49.9251,49.9576,49.9776
0.246623,49.925,49.9575,49.9775
0.247124,49.9249,49.9573,49.9774
0.247624,49.9249,49.9572,49.9773
0.248124,49.9248,49.957,49.9771
0.248624,49.9247,49.9569,49.977
0.249125,49.9247,49.9567,49.9769
0.249625,49.9246,49.9565,49.9768
0.250125,49.9246,49.9564,49.9767
0.250625,49.9245,49.9562,49.9766
0.251126,49.9244,49.9561,49.9764
0.251626,49.9244,49.9559,49.9763
0.252126,49.9243,49.9558,49.9762
0.252626,49.9243,49.9556,49.9761
0.253127,49.9242,49.9555,49.976
0.253627,49.9241,49.9553,49.9758
0.254127,49.9241,49.9552,49.9757
0.254627,49.924,49.955,49.9756
0.255128,49.924,49.9549,49.9755
0.255628,49.9239,49.9547,49.9754
0.256128,49.9239,49.9546,49.9753
0.256628,49.9238,49.9545,49.9751
0.257129,49.9238,49.9543,49.975
0.257629,49.9237,49.9542,49.9749
0.258129,49.9237,49.954,49.9748
0.258629,49.9236,49.9539,49.9747
0.25913,49.9236,49.9537,49.9746
0.25963,49.9235,49.9536,49.9745
0.26013,49.9235,49.9534,49.9743
0.26063,49.9234,49.9533,49.9742
0.261131,49.9234,49.9532,49.9741
0.261631,49.9233,49.953,49.974
0.262131,49.9233,49.9529,49.9739
0.262631,49.9232,49.9528,49.9738
0.263132,49.9232,49.9526,49.9737
0.263632,49.9231,49.9525,49.9735
0.264132,49.9231,49.9523,49.9734
0.264632,49.923,49.9522,49.9733
0.265133,49.923,49.9521,49.9732
0.265633,49.923,49.9519,49.9731
0.266133,49.9229,49.9518,49.973
0.266633,49.9229,49.9517,49.9729
0.267134,49.9228,49.9515,49.9728
0.267634,49.9228,49.9514,49.9727
0.268134,49.9228,49.9513,49.9725
0.268634,49.9227,49.9511,49.9724
0.269135,49.9227,49.951,49.9723
0.269635,49.9226,49.9509,49.9722
0.270135,49.9226,49.9507,49.9721
0.270635,49.9226,49.9506,49.972
0.271136,49.9225,49.9505,49.9719
0.271636,49.9225,49.9504,49.9718
0.272136,49.9225,49.9502,49.9717
0.272636,49.9224,49.9501,49.9716
0.273137,49.9224,49.95,49.9715
0.273637,49.9224,49.9498,49.9713
0.274137,49.9223,49.9497,49.9712
0.274637,49.9223,49.9496,49.9711
0.275138,49.9222,49.9495,49.971
0.275638,49.9222,49.9493,49.9709
0.276138,49.9222,49.9492,49.9708
0.276638,49.9222,49.9491,49.9707
0.277139,49.9221,49.949,49.9706
0.277639,49.9221,49.9489,49.9705
0.278139,49.9221,49.9487,49.9704
0.278639,49.922,49.9486,49.9703
0.27914,49.922,49.9485,49.9702
0.27964,49.922,49.9484,49.9701
0.28014,49.9219,49.9482,49.97
0.28064,49.9219,49.9481,49.9699
0.281141,49.9219,49.948,49.9698
0.281641,49.9218,49.9479,49.9696
0.282141,49.9218,49.9478,49.9695
0.282641,49.9218,49.9477,49.9694
0.283142,49.9218,49.9475,49.9693
0.283642,49.9217,49.9474,49.9692
0.284142,49.9217,49.9473,49.9691
0.284642,49.9217,49.9472,49.969
0.285143,49.9217,49.9471,49.9689
0.285643,49.9216,49.947,49.9688
0.286143,49.9216,49.9468,49.9687
0.286643,49.9216,49.9467,49.9686
0.287144,49.9216,49.9466,49.9685
0.287644,49.9215,49.9465,49.9684
0.288144,49.9215,49.9464,49.9683
0.288644,49.9215,49.9463,49.9682
0.289145,49.9215,49.9462,49.9681
0.289645,49.9214,49.9461,49.968
0.290145,49.9214,49.946,49.9679
0.290645,49.9214,49.9458,49.9678
0.291146,49.9214,49.9457,49.9677
0.291646,49.9213,49.9456,49.9676
0.292146,49.9213,49.9455,49.9675
0.292646,49.9213,49.9454,49.9674
0.293147,49.9213,49.9453,49.9673
0.293647,49.9213,49.9452,49.9672
0.294147,49.9212,49.9451,49.9671
0.294647,49.9212,49.945,49.967
0.295148,49.9212,49.9449,49.9669
0.295648,49.9212,49.9448,49.9668
0.296148,49.9212,49.9447,49.9667
0.296648,49.9211,49.9446,49.9666
0.297149,49.9211,49.9445,49.9665
0.297649,49.9211,49.9444,49.9664
0.298149,49.9211,49.9443,49.9663
0.298649,49.9211,49.9442,49.9662
0.29915,49.921,49.944,49.9661
0.29965,49.921,49.9439,49.966
0.30015,49.921,49.9438,49.9659
0.30065,49.921,49.9437,49.9658
0.301151,49.921,49.9436,49.9657
0.301651,49.921,49.9435,49.9656
0.302151,49.9209,49.9434,49.9655
0.302651,49.9209,49.9433,49.9655
0.303152,49.9209,49.9432,49.9654
0.303652,49.9209,49.9431,49.9653
0.304152,49.9209,49.9431,49.9652
0.304652,49.9209,49.943,49.9651
0.305153,49.9208,49.9429,49.965
0.305653,49.9208,49.9428,49.9649
0.306153,49.9208,49.9427,49.9648
0.306653,49.9208,49.9426,49.9647
0.307154,49.9208,49.9425,49.9646
0.307654,49.9208,49.9424,49.9645
0.308154,49.9208,49.9423,49.9644
0.308654,49.9207,49.9422,49.9643
0.309155,49.9207,49.9421,49.9642
0.309655,49.9207,49.942,49.9641
0.310155,49.9207,49.9419,49.964
0.310655,49.9207,49.9418,49.9639
0.311156,49.9207,49.9417,49.9639
0.311656,49.9207,49.9416,49.9638
0.312156,49.9206,49.9415,49.9637
0.312656,49.9206,49.9414,49.9636
0.313157,49.9206,49.9414,49.9635
0.313657,49.9206,49.9413,49.9634
0.314157,49.9206,49.9412,49.9633
0.314657,49.9206,49.9411,49.9632
0.315158,49.9206,49.941,49.9631
0.315658,49.9206,49.9409,49.963
0.316158,49.9205,49.9408,49.9629
0.316658,49.9205,49.9407,49.9629
0.317159,49.9205,49.9406,49.9628
0.317659,49.9205,49.9406,49.9627
0.318159,49.9205,49.9405,49.9626
0.318659,49.9205,49.9404,49.9625
0.31916,49.9205,49.9403,49.9624
0.31966,49.9205,49.9402,49.9623
0.32016,49.9204,49.9401,49.9622
0.32066,49.9204,49.94,49.9621
0.321161,49.9204,49.9399,49.962
0.321661,49.9204,49.9399,49.962
0.322161,49.9204,49.9398,49.9619
0.322661,49.9204,49.9397,49.9618
0.323162,49.9204,49.9396,49.9617
0.323662,49.9204,49.9395,49.9616
0.324162,49.9204,49.9394,49.9615
0.324662,49.9204,49.9394,49.9614
0.325163,49.9203,49.9393,49.9613
0.325663,49.9203,49.9392,49.9613
0.326163,49.9203,49.9391,49.9612
0.326663,49.9203,49.939,49.9611
0.327164,49.9203,49.939,49.961
0.327664,49.9203,49.9389,49.9609
0.328164,49.9203,49.9388,49.9608
0.328664,49.9203,49.9387,49.9607
0.329165,49.9203,49.9386,49.9607
0.329665,49.9203,49.9386,49.9606
0.330165,49.9203,49.9385,49.9605
0.330665,49.9202,49.9384,49.9604
0.331166,49.9202,49.9383,49.9603
0.331666,49.9202,49.9382,49.9602
0.332166,49.9202,49.9382,49.9601
0.332666,49.9202,49.9381,49.9601
0.333167,49.9202,49.938,49.96
0.333667,49.9202,49.9379,49.9599
0.334167,49.9202,49.9379,49.9598
0.334667,49.9202,49.9378,49.9597
0.335168,49.9202,49.9377,49.9596
0.335668,49.9202,49.9376,49.9596
0.336168,49.9202,49.9376,49.9595
0.336668,49.9202,49.9375,49.9594
0.337169,49.9202,49.9374,49.9593
0.337669,49.9201,49.9373,49.9592
0.338169,49.9201,49.9373,49.9591
0.338669,49.9201,49.9372,49.9591
0.33917,49.9201,49.9371,49.959
0.33967,49.9201,49.937,49.9589
0.34017,49.9201,49.937,49.9588
0.34067,49.9201,49.9369,49.9587
0.341171,49.9201,49.9368,49.9586
0.341671,49.9201,49.9367,49.9586
0.342171,49.9201,49.9367,49.9585
0.342671,49.9201,49.9366,49.9584
0.343172,49.9201,49.9365,49.9583
0.343672,49.9201,49.9365,49.9582
0.344172,49.9201,49.9364,49.9582
0.344672,49.9201,49.9363,49.9581
0.345173,49.92,49.9363,49.958
0.345673,49.92,49.9362,49.9579
0.346173,49.92,49.9361,49.9578
0.346673,49.92,49.936,49.9578
0.347174,49.92,49.936,49.9577
0.347674,49.92,49.9359,49.9576
0.348174,49.92,49.9358,49.9575
0.348674,49.92,49.9358,49.9574
0.349175,49.92,49.9357,49.9574
0.349675,49.92,49.9356,49.9573
0.350175,49.92,49.9356,49.9572
0.350675,49.92,49.9355,49.9571
0.351176,49.92,49.9354,49.9571
0.351676,49.92,49.9354,49.957
0.352176,49.92,49.9353,49.9569
0.352676,49.92,49.9352,49.9568
0.353177,49.92,49.9352,49.9567
0.353677,49.92,49.9351,49.9567
0.354177,49.92,49.9351,49.9566
0.354677,49.9199,49.935,49.9565
0.355178,49.9199,49.9349,49.9564
0.355678,49.9199,49.9349,49.9564
0.356178,49.9199,49.9348,49.9563
0.356678,49.9199,49.9347,49.9562
0.357179,49.9199,49.9347,49.9561
0.357679,49.9199,49.9346,49.9561
0.358179,49.9199,49.9345,49.956
0.358679,49.9199,49.9345,49.9559
0.35918,49.9199,49.9344,49.9558
0.35968,49.9199,49.9344,49.9558
0.36018,49.9199,49.9343,49.9557
0.36068,49.9199,49.9342,49.9556
0.361181,49.9199,49.9342,49.9555
0.361681,49.9199,49.9341,49.9555
0.362181,49.9199,49.9341,49.9554
0.362681,49.9199,49.934,49.9553
0.363182,49.9199,49.9339,49.9552
0.363682,49.9199,49.9339,49.9552
0.364182,49.9199,49.9338,49.9551
0.364682,49.9199,49.9338,49.955
0.365183,49.9199,49.9337,49.9549
0.365683,49.9199,49.9336,49.9549
0.366183,49.9199,49.9336,49.9548
0.366683,49.9199,49.9335,49.9547
0.367184,49.9199,49.9335,49.9546
0.367684,49.9198,49.9334,49.9546
0.368184,49.9198,49.9333,49.9545
0.368684,49.9198,49.9333,49.9544
0.369185,49.9198,49.9332,49.9543
0.369685,49.9198,49.9332,49.9543
0.370185,49.9198,49.9331,49.9542
0.370685,49.9198,49.9331,49.9541
0.371186,49.9198,49.933,49.9541
0.371686,49.9198,49.933,49.954
0.372186,49.9198,49.9329,49.9539
0.372686,49.9198,49.9328,49.9538
0.373187,49.9198,49.9328,49.9538
0.373687,49.9198,49.9327,49.9537
0.374187,49.9198,49.9327,49.9536
0.374687,49.9198,49.9326,49.9536
0.375188,49.9198,49.9326,49.9535
0.375688,49.9198,49.9325,49.9534
0.376188,49.9198,49.9325,49.9533
0.376688,49.9198,49.9324,49.9533
0.377189,49.9198,49.9324,49.9532
0.377689,49.9198,49.9323,49.9531
0.378189,49.9198,49.9322,49.9531
0.378689,49.9198,49.9322,49.953
0.37919,49.9198,49.9321,49.9529
0.37969,49.9198,49.9321,49.9529
0.38019,49.9198,49.932,49.9528
0.38069,49.9198,49.932,49.9527
0.381191,49.9198,49.9319,49.9526
0.381691,49.9198,49.9319,49.9526
0.382191,49.9198,49.9318,49.9525
0.382691,49.9198,49.9318,49.9524
0.383192,49.9198,49.9317,49.9524
0.383692,49.9198,49.9317,49.9523
0.384192,49.9198,49.9316,49.9522
0.384692,49.9198,49.9316,49.9522
0.385193,49.9198,49.9315,49.9521
0.385693,49.9198,49.9315,49.952
0.386193,49.9198,49.9314,49.952
0.386693,49.9197,49.9314,49.9519
0.387194,49.9197,49.9313,49.9518
0.387694,49.9197,49.9313,49.9518
0.388194,49.9197,49.9312,49.9517
0.388694,49.9197,49.9312,49.9516
0.389195,49.9197,49.9311,49.9516
0.389695,49.9197,49.9311,49.9515
0.390195,49.9197,49.931,49.9514
0.390695,49.9197,49.931,49.9514
0.391196,49.9197,49.9309,49.9513
0.391696,49.9197,49.9309,49.9512
0.392196,49.9197,49.9309,49.9512
0.392696,49.9197,49.9308,49.9511
0.393197,49.9197,49.9308,49.951
0.393697,49.9197,49.9307,49.951
0.394197,49.9197,49.9307,49.9509
0.394697,49.9197,49.9306,49.9508
0.395198,49.9197,49.9306,49.9508
0.395698,49.9197,49.9305,49.9507
0.396198,49.9197,49.9305,49.9506
0.396698,49.9197,49.9304,49.9506
0.397199,49.9197,49.9304,49.9505
0.397699,49.9197,49.9303,49.9505
0.398199,49.9197,49.9303,49.9504
0.398699,49.9197,49.9303,49.9503
0.3992,49.9197,49.9302,49.9503
0.3997,49.9197,49.9302,49.9502
0.4002,49.9197,49.9301,49.9501
0.4007,49.9197,49.9301,49.9501
0.401201,49.9197,49.93,49.95
0.401701,49.9197,49.93,49.9499
0.402201,49.9197,49.93,49.9499
0.402701,49.9197,49.9299,49.9498
0.403202,49.9197,49.9299,49.9498
0.403702,49.9197,49.9298,49.9497
0.404202,49.9197,49.9298,49.9496
0.404702,49.9197,49.9297,49.9496
0.405203,49.9197,49.9297,49.9495
0.405703,49.9197,49.9297,49.9494
0.406203,49.9197,49.9296,49.9494
0.406703,49.9197,49.9296,49.9493
0.407204,49.9197,49.9295,49.9493
0.407704,49.9197,49.9295,49.9492
0.408204,49.9197,49.9294,49.9491
0.408704,49.9197,49.9294,49.9491
0.409205,49.9197,49.9294,49.949
0.409705,49.9197,49.9293,49.9489
0.410205,49.9197,49.9293,49.9489
0.410705,49.9197,49.9292,49.9488
0.411206,49.9197,49.9292,49.9488
0.411706,49.9197,49.9292,49.9487
0.412206,49.9197,49.9291,49.9486
0.412706,49.9197,49.9291,49.9486
0.413207,49.9197,49.929,49.9485
0.413707,49.9197,49.929,49.9485
0.414207,49.9197,49.929,49.9484
0.414707,49.9197,49.9289,49.9483
0.415208,49.9197,49.9289,49.9483
0.415708,49.9197,49.9288,49.9482
0.416208,49.9197,49.9288,49.9482
0.416708,49.9197,49.9288,49.9481
0.417209,49.9197,49.9287,49.948
0.417709,49.9197,49.9287,49.948
0.418209,49.9197,49.9287,49.9479
0.418709,49.9197,49.9286,49.9479
0.41921,49.9197,49.9286,49.9478
0.41971,49.9197,49.9285,49.9477
0.42021,49.9197,49.9285,49.9477
0.42071,49.9197,49.9285,49.9476
0.421211,49.9197,49.9284,49.9476
0.421711,49.9197,49.9284,49.9475
0.422211,49.9197,49.9284,49.9475
0.422711,49.9197,49.9283,49.9474
0.423212,49.9197,49.9283,49.9473
0.423712,49.9197,49.9282,49.9473
0.424212,49.9196,49.9282,49.9472
0.424712,49.9196,49.9282,49.9472
0.425213,49.9196,49.9281,49.9471
0.425713,49.9196,49.9281,49.9471
0.426213,49.9196,49.9281,49.947
0.426713,49.9196,49.928,49.9469
0.427214,49.9196,49.928,49.9469
0.427714,49.9196,49.928,49.9468
0.428214,49.9196,49.9279,49.9468
0.428714,49.9196,49.9279,49.9467
0.429215,49.9196,49.9279,49.9467
0.429715,49.9196,49.9278,49.9466
0.430215,49.9196,49.9278,49.9465
0.430715,49.9196,49.9278,49.9465
0.431216,49.9196,49.9277,49.9464
0.431716,49.9196,49.9277,49.9464
0.432216,49.9196,49.9277,49.9463
0.432716,49.9196,49.9276,49.9463
0.433217,49.9196,49.9276,49.9462
0.433717,49.9196,49.9276,49.9462
0.434217,49.9196,49.9275,49.9461
0.434717,49.9196,49.9275,49.946
0.435218,49.9196,49.9275,49.946
0.435718,49.9196,49.9274,49.9459
0.436218,49.9196,49.9274,49.9459
0.436718,49.9196,49.9274,49.9458
0.437219,49.9196,49.9273,49.9458
0.437719,49.9196,49.9273,49.9457
0.438219,49.9196,49.9273,49.9457
0.438719,49.9196,49.9272,49.9456
0.43922,49.9196,49.9272,49.9455
0.43972,49.9196,49.9272,49.9455
0.44022,49.9196,49.9271,49.9454
0.44072,49.9196,49.9271,49.9454
0.441221,49.9196,49.9271,49.9453
0.441721,49.9196,49.927,49.9453
0.442221,49.9196,49.927,49.9452
0.442721,49.9196,49.927,49.9452
0.443222,49.9196,49.9269,49.9451
0.443722,49.9196,49.9269,49.9451
0.444222,49.9196,49.9269,49.945
0.444722,49.9196,49.9269,49.945
0.445223,49.9196,49.9268,49.9449
0.445723,49.9196,49.9268,49.9449
0.446223,49.9196,49.9268,49.9448
0.446723,49.9196,49.9267,49.9447
0.447224,49.9196,49.9267,49.9447
0.447724,49.9196,49.9267,49.9446
0.448224,49.9196,49.9266,49.9446
0.448724,49.9196,49.9266,49.9445
0.449225,49.9196,49.9266,49.9445
0.449725,49.9196,49.9266,49.9444
0.450225,49.9196,49.9265,49.9444
0.450725,49.9196,49.9265,49.9443
0.451226,49.9196,49.9265,49.9443
0.451726,49.9196,49.9264,49.9442
0.452226,49.9196,49.9264,49.9442
0.452726,49.9196,49.9264,49.9441
0.453227,49.9196,49.9264,49.9441
0.453727,49.9196,49.9263,49.944
0.454227,49.9196,49.9263,49.944
0.454727,49.9196,49.9263,49.9439
0.455228,49.9196,49.9262,49.9439
0.455728,49.9196,49.9262,49.9438
0.456228,49.9196,49.9262,49.9438
0.456728,49.9196,49.9262,49.9437
0.457229,49.9196,49.9261,49.9437
0.457729,49.9196,49.9261,49.9436
0.458229,49.9196,49.9261,49.9436
0.458729,49.9196,49.9261,49.9435
0.45923,49.9196,49.926,49.9435
0.45973,49.9196,49.926,49.9434
0.46023,49.9196,49.926,49.9434
0.46073,49.9196,49.9259,49.9433
0.461231,49.9196,49.9259,49.9433
0.461731,49.9196,49.9259,49.9432
0.462231,49.9196,49.9259,49.9432
0.462731,49.9196,49.9258,49.9431
0.463232,49.9196,49.9258,49.9431
0.463732,49.9196,49.9258,49.943
0.464232,49.9196,49.9258,49.943
0.464732,49.9196,49.9257,49.9429
0.465233,49.9196,49.9257,49.9429
0.465733,49.9196,49.9257,49.9428
0.466233,49.9196,49.9257,49.9428
0.466733,49.9196,49.9256,49.9427
0.467234,49.9196,49.9256,49.9427
0.467734,49.9196,49.9256,49.9426
0.468234,49.9196,49.9256,49.9426
0.468734,49.9196,49.9255,49.9425
0.469235,49.9196,49.9255,49.9425
0.469735,49.9196,49.9255,49.9424
0.470235,49.9196,49.9255,49.9424
0.470735,49.9196,49.9254,49.9424
0.471236,49.9196,49.9254,49.9423
0.471736,49.9196,49.9254,49.9423
0.472236,49.9196,49.9254,49.9422
0.472736,49.9196,49.9253,49.9422
0.473237,49.9196,49.9253,49.9421
0.473737,49.9196,49.9253,49.9421
0.474237,49.9196,49.9253,49.942
0.474737,49.9196,49.9252,49.942
0.475238,49.9196,49.9252,49.9419
0.475738,49.9196,49.9252,49.9419
0.476238,49.9196,49.9252,49.9418
0.476738,49.9196,49.9252,49.9418
0.477239,49.9196,49.9251,49.9417
0.477739,49.9196,49.9251,49.9417
0.478239,49.9196,49.9251,49.9417
0.478739,49.9196,49.9251,49.9416
0.47924,49.9196,49.925,49.9416
0.47974,49.9196,49.925,49.9415
0.48024,49.9196,49.925,49.9415
0.48074,49.9196,49.925,49.9414
0.481241,49.9196,49.9249,49.9414
0.481741,49.9196,49.9249,49.9413
0.482241,49.9196,49.9249,49.9413
0.482741,49.9196,49.9249,49.9412
0.483242,49.9196,49.9249,49.9412
0.483742,49.9196,49.9248,49.9412
0.484242,49.9196,49.9248,49.9411
0.484742,49.9196,49.9248,49.9411
0.485243,49.9196,49.9248,49.941
0.485743,49.9196,49.9248,49.941
0.486243,49.9196,49.9247,49.9409
0.486743,49.9196,49.9247,49.9409
0.487244,49.9196,49.9247,49.9408
0.487744,49.9196,49.9247,49.9408
0.488244,49.9196,49.9246,49.9408
0.488744,49.9196,49.9246,49.9407
0.489245,49.9196,49.9246,49.9407
0.489745,49.9196,49.9246,49.9406
0.490245,49.9196,49.9246,49.9406
0.490745,49.9196,49.9245,49.9405
0.491246,49.9196,49.9245,49.9405
0.491746,49.9196,49.9245,49.9404
0.492246,49.9196,49.9245,49.9404
0.492746,49.9196,49.9245,49.9404
0.493247,49.9196,49.9244,49.9403
0.493747,49.9196,49.9244,49.9403
0.494247,49.9196,49.9244,49.9402
0.494747,49.9196,49.9244,49.9402
0.495248,49.9196,49.9244,49.9401
0.495748,49.9196,49.9243,49.9401
0.496248,49.9196,49.9243,49.9401
0.496748,49.9196,49.9243,49.94
0.497249,49.9196,49.9243,49.94
0.497749,49.9196,49.9243,49.9399
0.498249,49.9196,49.9242,49.9399
0.498749,49.9196,49.9242,49.9398
0.49925,49.9196,49.9242,49.9398
0.49975,49.9196,49.9242,49.9398
0.50025,49.9196,49.9242,49.9397
0.50075,49.9196,49.9241,49.9397
0.501251,49.9196,49.9241,49.9396
0.501751,49.9196,49.9241,49.9396
0.502251,49.9196,49.9241,49.9396
0.502751,49.9196,49.9241,49.9395
0.503252,49.9196,49.9241,49.9395
0.503752,49.9196,49.924,49.9394
0.504252,49.9196,49.924,49.9394
0.504752,49.9196,49.924,49.9393
0.505253,49.9196,49.924,49.9393
0.505753,49.9196,49.924,49.9393
0.506253,49.9196,49.9239,49.9392
0.506753,49.9196,49.9239,49.9392
0.507254,49.9196,49.9239,49.9391
0.507754,49.9196,49.9239,49.9391
0.508254,49.9196,49.9239,49.9391
0.508754,49.9196,49.9239,49.939
0.509255,49.9196,49.9238,49.939
0.509755,49.9196,49.9238,49.9389
0.510255,49.9196,49.9238,49.9389
0.510755,49.9196,49.9238,49.9389
0.511256,49.9196,49.9238,49.9388
0.511756,49.9196,49.9237,49.9388
0.512256,49.9196,49.9237,49.9387
0.512756,49.9196,49.9237,49.9387
0.513257,49.9196,49.9237,49.9387
0.513757,49.9196,49.9237,49.9386
0.514257,49.9196,49.9237,49.9386
0.514757,49.9196,49.9236,49.9385
0.515258,49.9196,49.9236,49.9385
0.515758,49.9196,49.9236,49.9385
0.516258,49.9196,49.9236,49.9384
0.516758,49.9196,49.9236,49.9384
0.517259,49.9196,49.9236,49.9383
0.517759,49.9196,49.9235,49.9383
0.518259,49.9196,49.9235,49.9383
0.518759,49.9196,49.9235,49.9382
0.51926,49.9196,49.9235,49.9382
0.51976,49.9196,49.9235,49.9381
0.52026,49.9196,49.9235,49.9381
0.52076,49.9196,49.9234,49.9381
0.521261,49.9196,49.9234,49.938
0.521761,49.9196,49.9234,49.938
0.522261,49.9196,49.9234,49.938
0.522761,49.9196,49.9234,49.9379
0.523262,49.9196,49.9234,49.9379
0.523762,49.9196,49.9233,49.9378
0.524262,49.9196,49.9233,49.9378
0.524762,49.9196,49.9233,49.9378
0.525263,49.9196,49.9233,49.9377
0.525763,49.9196,49.9233,49.9377
0.526263,49.9196,49.9233,49.9377
0.526763,49.9196,49.9233,49.9376
0.527264,49.9196,49.9232,49.9376
0.527764,49.9196,49.9232,49.9375
0.528264,49.9196,49.9232,49.9375
0.528764,49.9196,49.9232,49.9375
0.529265,49.9196,49.9232,49.9374
0.529765,49.9196,49.9232,49.9374
0.530265,49.9196,49.9232,49.9374
0.530765,49.9196,49.9231,49.9373
0.531266,49.9196,49.9231,49.9373
0.531766,49.9196,49.9231,49.9372
0.532266,49.9196,49.9231,49.9372
0.532766,49.9196,49.9231,49.9372
0.533267,49.9196,49.9231,49.9371
0.533767,49.9196,49.923,49.9371
0.534267,49.9196,49.923,49.9371
0.534767,49.9196,49.923,49.937
0.535268,49.9196,49.923,49.937
0.535768,49.9196,49.923,49.9369
0.536268,49.9196,49.923,49.9369
0.536768,49.9196,49.923,49.9369
0.537269,49.9196,49.9229,49.9368
0.537769,49.9196,49.9229,49.9368
0.538269,49.9196,49.9229,49.9368
0.538769,49.9196,49.9229,49.9367
0.53927,49.9196,49.9229,49.9367
0.53977,49.9196,49.9229,49.9367
0.54027,49.9196,49.9229,49.9366
0.54077,49.9196,49.9229,49.9366
0.541271,49.9196,49.9228,49.9366
0.541771,49.9196,49.9228,49.9365
0.542271,49.9196,49.9228,49.9365
0.542771,49.9196,49.9228,49.9364
0.543272,49.9196,49.9228,49.9364
0.543772,49.9196,49.9228,49.9364
0.544272,49.9196,49.9228,49.9363
0.544772,49.9196,49.9227,49.9363
0.545273,49.9196,49.9227,49.9363
0.545773,49.9196,49.9227,49.9362
0.546273,49.9196,49.9227,49.9362
0.546773,49.9196,49.9227,49.9362
0.547274,49.9196,49.9227,49.9361
0.547774,49.9196,49.9227,49.9361
0.548274,49.9196,49.9227,49.9361
0.548774,49.9196,49.9226,49.936
0.549275,49.9196,49.9226,49.936
0.549775,49.9196,49.9226,49.936
0.550275,49.9196,49.9226,49.9359
0.550775,49.9196,49.9226,49.9359
0.551276,49.9196,49.9226,49.9359
0.551776,49.9196,49.9226,49.9358
0.552276,49.9196,49.9226,49.9358
0.552776,49.9196,49.9225,49.9358
0.553277,49.9196,49.9225,49.9357
0.553777,49.9196,49.9225,49.9357
0.554277,49.9196,49.9225,49.9357
0.554777,49.9196,49.9225,49.9356
0.555278,49.9196,49.9225,49.9356
0.555778,49.9196,49.9225,49.9356
0.556278,49.9196,49.9225,49.9355
0.556778,49.9196,49.9224,49.9355
0.557279,49.9196,49.9224,49.9355
0.557779,49.9196,49.9224,49.9354
0.558279,49.9196,49.9224,49.9354
0.558779,49.9196,49.9224,49.9354
0.55928,49.9196,49.9224,49.9353
0.55978,49.9196,49.9224,49.9353
0.56028,49.9196,49.9224,49.9353
0.56078,49.9196,49.9223,49.9352
0.561281,49.9196,49.9223,49.9352
0.561781,49.9196,49.9223,49.9352
0.562281,49.9196,49.9223,49.9351
0.562781,49.9196,49.9223,49.9351
0.563282,49.9196,49.9223,49.9351
0.563782,49.9196,49.9223,49.935
0.564282,49.9196,49.9223,49.935
0.564782,49.9196,49.9223,49.935
0.565283,49.9196,49.9222,49.9349
0.565783,49.9196,49.9222,49.9349
0.566283,49.9196,49.9222,49.9349
0.566783,49.9196,49.9222,49.9348
0.567284,49.9196,49.9222,49.9348
0.567784,49.9196,49.9222,49.9348
0.568284,49.9196,49.9222,49.9347
0.568784,49.9196,49.9222,49.9347
0.569285,49.9196,49.9222,49.9347
0.569785,49.9196,49.9222,49.9347
0.570285,49.9196,49.9221,49.9346
0.570785,49.9196,49.9221,49.9346
0.571286,49.9196,49.9221,49.9346
0.571786,49.9196,49.9221,49.9345
0.572286,49.9196,49.9221,49.9345
0.572786,49.9196,49.9221,49.9345
0.573287,49.9196,49.9221,49.9344
0.573787,49.9196,49.9221,49.9344
0.574287,49.9196,49.9221,49.9344
0.574787,49.9196,49.922,49.9343
0.575288,49.9196,49.922,49.9343
0.575788,49.9196,49.922,49.9343
0.576288,49.9196,49.922,49.9343
0.576788,49.9196,49.922,49.9342
0.577289,49.9196,49.922,49.9342
0.577789,49.9196,49.922,49.9342
0.578289,49.9196,49.922,49.9341
0.578789,49.9196,49.922,49.9341
0.57929,49.9196,49.922,49.9341
0.57979,49.9196,49.9219,49.934
0.58029,49.9196,49.9219,49.934
0.58079,49.9196,49.9219,49.934
0.581291,49.9196,49.9219,49.9339
0.581791,49.9196,49.9219,49.9339
0.582291,49.9196,49.9219,49.9339
0.582791,49.9196,49.9219,49.9339
0.583292,49.9196,49.9219,49.9338
0.583792,49.9196,49.9219,49.9338
0.584292,49.9196,49.9219,49.9338
0.584792,49.9196,49.9218,49.9337
0.585293,49.9196,49.9218,49.9337
0.585793,49.9196,49.9218,49.9337
0.586293,49.9196,49.9218,49.9337
0.586793,49.9196,49.9218,49.9336
0.587294,49.9196,49.9218,49.9336
0.587794,49.9196,49.9218,49.9336
0.588294,49.9196,49.9218,49.9335
0.588794,49.9196,49.9218,49.9335
0.589295,49.9196,49.9218,49.9335
0.589795,49.9196,49.9218,49.9334
0.590295,49.9196,49.9217,49.9334
0.590795,49.9196,49.9217,49.9334
0.591296,49.9196,49.9217,49.9334
0.591796,49.9196,49.9217,49.9333
0.592296,49.9196,49.9217,49.9333
0.592796,49.9196,49.9217,49.9333
0.593297,49.9196,49.9217,49.9332
0.593797,49.9196,49.9217,49.9332
0.594297,49.9196,49.9217,49.9332
0.594797,49.9196,49.9217,49.9332
0.595298,49.9196,49.9217,49.9331
0.595798,49.9196,49.9217,49.9331
0.596298,49.9196,49.9216,49.9331
0.596798,49.9196,49.9216,49.9331
0.597299,49.9196,49.9216,49.933
0.597799,49.9196,49.9216,49.933
0.598299,49.9196,49.9216,49.933
0.598799,49.9196,49.9216,49.9329
0.5993,49.9196,49.9216,49.9329
0.5998,49.9196,49.9216,49.9329
0.6003,49.9196,49.9216,49.9329
0.6008,49.9196,49.9216,49.9328
0.601301,49.9196,49.9216,49.9328
0.601801,49.9196,49.9215,49.9328
0.602301,49.9196,49.9215,49.9327
0.602801,49.9196,49.9215,49.9327
0.603302,49.9196,49.9215,49.9327
0.603802,49.9196,49.9215,49.9327
0.604302,49.9196,49.9215,49.9326
0.604802,49.9196,49.9215,49.9326
0.605303,49.9196,49.9215,49.9326
0.605803,49.9196,49.9215,49.9326
0.606303,49.9196,49.9215,49.9325
0.606803,49.9196,49.9215,49.9325
0.607304,49.9196,49.9215,49.9325
0.607804,49.9196,49.9215,49.9324
0.608304,49.9196,49.9214,49.9324
0.608804,49.9196,49.9214,49.9324
0.609305,49.9196,49.9214,49.9324
0.609805,49.9196,49.9214,49.9323
0.610305,49.9196,49.9214,49.9323
0.610805,49.9196,49.9214,49.9323
0.611306,49.9196,49.9214,49.9323
0.611806,49.9196,49.9214,49.9322
0.612306,49.9196,49.9214,49.9322
0.612806,49.9196,49.9214,49.9322
0.613307,49.9196,49.9214,49.9322
0.613807,49.9196,49.9214,49.9321
0.614307,49.9196,49.9214,49.9321
0.614807,49.9196,49.9213,49.9321
0.615308,49.9196,49.9213,49.9321
0.615808,49.9196,49.9213,49.932
0.616308,49.9196,49.9213,49.932
0.616808,49.9196,49.9213,49.932
0.617309,49.9196,49.9213,49.9319
0.617809,49.9196,49.9213,49.9319
0.618309,49.9196,49.9213,49.9319
0.618809,49.9196,49.9213,49.9319
0.61931,49.9196,49.9213,49.9318
0.61981,49.9196,49.9213,49.9318
0.62031,49.9196,49.9213,49.9318
0.62081,49.9196,49.9213,49.9318
0.621311,49.9196,49.9213,49.9317
0.621811,49.9196,49.9212,49.9317
0.622311,49.9196,49.9212,49.9317
0.622811,49.9196,49.9212,49.9317
0.623312,49.9196,49.9212,49.9316
0.623812,49.9196,49.9212,49.9316
0.624312,49.9196,49.9212,49.9316
0.624812,49.9196,49.9212,49.9316
0.625313,49.9196,49.9212,49.9315
0.625813,49.9196,49.9212,49.9315
0.626313,49.9196,49.9212,49.9315
0.626813,49.9196,49.9212,49.9315
0.627314,49.9196,49.9212,49.9314
0.627814,49.9196,49.9212,49.9314
0.628314,49.9196,49.9212,49.9314
0.628814,49.9196,49.9212,49.9314
0.629315,49.9196,49.9211,49.9313
0.629815,49.9196,49.9211,49.9313
0.630315,49.9196,49.9211,49.9313
0.630815,49.9196,49.9211,49.9313
0.631316,49.9196,49.9211,49.9312
0.631816,49.9196,49.9211,49.9312
0.632316,49.9196,49.9211,49.9312
0.632816,49.9196,49.9211,49.9312
0.633317,49.9196,49.9211,49.9311
0.633817,49.9196,49.9211,49.9311
0.634317,49.9196,49.9211,49.9311
0.634817,49.9196,49.9211,49.9311
0.635318,49.9196,49.9211,49.9311
0.635818,49.9196,49.9211,49.931
0.636318,49.9196,49.9211,49.931
0.636818,49.9196,49.9211,49.931
0.637319,49.9196,49.921,49.931
0.637819,49.9196,49.921,49.9309
0.638319,49.9196,49.921,49.9309
0.638819,49.9196,49.921,49.9309
0.63932,49.9196,49.921,49.9309
0.63982,49.9196,49.921,49.9308
0.64032,49.9196,49.921,49.9308
0.64082,49.9196,49.921,49.9308
0.641321,49.9196,49.921,49.9308
0.641821,49.9196,49.921,49.9307
0.642321,49.9196,49.921,49.9307
0.642821,49.9196,49.921,49.9307
0.643322,49.9196,49.921,49.9307
0.643822,49.9196,49.921,49.9307
0.644322,49.9196,49.921,49.9306
0.644822,49.9196,49.921,49.9306
0.645323,49.9196,49.921,49.9306
0.645823,49.9196,49.9209,49.9306
0.646323,49.9196,49.9209,49.9305
0.646823,49.9196,49.9209,49.9305
0.647324,49.9196,49.9209,49.9305
0.647824,49.9196,49.9209,49.9305
0.648324,49.9196,49.9209,49.9304
0.648824,49.9196,49.9209,49.9304
0.649325,49.9196,49.9209,49.9304
0.649825,49.9196,49.9209,49.9304
0.650325,49.9196,49.9209,49.9304
0.650825,49.9196,49.9209,49.9303
0.651326,49.9196,49.9209,49.9303
0.651826,49.9196,49.9209,49.9303
0.652326,49.9196,49.9209,49.9303
0.652826,49.9196,49.9209,49.9302
0.653327,49.9196,49.9209,49.9302
0.653827,49.9196,49.9209,49.9302
0.654327,49.9196,49.9209,49.9302
0.654827,49.9196,49.9208,49.9302
0.655328,49.9196,49.9208,49.9301
0.655828,49.9196,49.9208,49.9301
0.656328,49.9196,49.9208,49.9301
0.656828,49.9196,49.9208,49.9301
0.657329,49.9196,49.9208,49.93
0.657829,49.9196,49.9208,49.93
0.658329,49.9196,49.9208,49.93
0.658829,49.9196,49.9208,49.93
0.65933,49.9196,49.9208,49.93
0.65983,49.9196,49.9208,49.9299
0.66033,49.9196,49.9208,49.9299
0.66083,49.9196,49.9208,49.9299
0.661331,49.9196,49.9208,49.9299
0.661831,49.9196,49.9208,49.9299
0.662331,49.9196,49.9208,49.9298
0.662831,49.9196,49.9208,49.9298
0.663332,49.9196,49.9208,49.9298
0.663832,49.9196,49.9208,49.9298
0.664332,49.9196,49.9208,49.9297
0.664832,49.9196,49.9207,49.9297
0.665333,49.9196,49.9207,49.9297
0.665833,49.9196,49.9207,49.9297
0.666333,49.9196,49.9207,49.9297
0.666833,49.9196,49.9207,49.9296
0.667334,49.9196,49.9207,49.9296
0.667834,49.9196,49.9207,49.9296
0.668334,49.9196,49.9207,49.9296
0.668834,49.9196,49.9207,49.9296
0.669335,49.9196,49.9207,49.9295
0.669835,49.9196,49.9207,49.9295
0.670335,49.9196,49.9207,49.9295
0.670835,49.9196,49.9207,49.9295
0.671336,49.9196,49.9207,49.9295
0.671836,49.9196,49.9207,49.9294
0.672336,49.9196,49.9207,49.9294
0.672836,49.9196,49.9207,49.9294
0.673337,49.9196,49.9207,49.9294
0.673837,49.9196,49.9207,49.9294
0.674337,49.9196,49.9207,49.9293
0.674837,49.9196,49.9207,49.9293
0.675338,49.9196,49.9206,49.9293
0.675838,49.9196,49.9206,49.9293
0.676338,49.9196,49.9206,49.9293
0.676838,49.9196,49.9206,49.9292
0.677339,49.9196,49.9206,49.9292
0.677839,49.9196,49.9206,49.9292
0.678339,49.9196,49.9206,49.9292
0.678839,49.9196,49.9206,49.9292
0.67934,49.9196,49.9206,49.9291
0.67984,49.9196,49.9206,49.9291
0.68034,49.9196,49.9206,49.9291
0.68084,49.9196,49.9206,49.9291
0.681341,49.9196,49.9206,49.9291
0.681841,49.9196,49.9206,49.929
0.682341,49.9196,49.9206,49.929
0.682841,49.9196,49.9206,49.929
0.683342,49.9196,49.9206,49.929
0.683842,49.9196,49.9206,49.929
0.684342,49.9196,49.9206,49.9289
0.684842,49.9196,49.9206,49.9289
0.685343,49.9196,49.9206,49.9289
0.685843,49.9196,49.9206,49.9289
0.686343,49.9196,49.9206,49.9289
0.686843,49.9196,49.9206,49.9288
0.687344,49.9196,49.9205,49.9288
0.687844,49.9196,49.9205,49.9288
0.688344,49.9196,49.9205,49.9288
0.688844,49.9196,49.9205,49.9288
0.689345,49.9196,49.9205,49.9287
0.689845,49.9196,49.9205,49.9287
0.690345,49.9196,49.9205,49.9287
0.690845,49.9196,49.9205,49.9287
0.691346,49.9196,49.9205,49.9287
0.691846,49.9196,49.9205,49.9286
0.692346,49.9196,49.9205,49.9286
0.692846,49.9196,49.9205,49.9286
0.693347,49.9196,49.9205,49.9286
0.693847,49.9196,49.9205,49.9286
0.694347,49.9196,49.9205,49.9286
0.694847,49.9196,49.9205,49.9285
0.695348,49.9196,49.9205,49.9285
0.695848,49.9196,49.9205,49.9285
0.696348,49.9196,49.9205,49.9285
0.696848,49.9196,49.9205,49.9285
0.697349,49.9196,49.9205,49.9284
0.697849,49.9196,49.9205,49.9284
0.698349,49.9196,49.9205,49.9284
0.698849,49.9196,49.9205,49.9284
0.69935,49.9196,49.9205,49.9284
0.69985,49.9196,49.9205,49.9284
0.70035,49.9196,49.9204,49.9283
0.70085,49.9196,49.9204,49.9283
0.701351,49.9196,49.9204,49.9283
0.701851,49.9196,49.9204,49.9283
0.702351,49.9196,49.9204,49.9283
0.702851,49.9196,49.9204,49.9282
0.703352,49.9196,49.9204,49.9282
0.703852,49.9196,49.9204,49.9282
0.704352,49.9196,49.9204,49.9282
0.704852,49.9196,49.9204,49.9282
0.705353,49.9196,49.9204,49.9282
0.705853,49.9196,49.9204,49.9281
0.706353,49.9196,49.9204,49.9281
0.706853,49.9196,49.9204,49.9281
0.707354,49.9196,49.9204,49.9281
0.707854,49.9196,49.9204,49.9281
0.708354,49.9196,49.9204,49.928
0.708854,49.9196,49.9204,49.928
0.709355,49.9196,49.9204,49.928
0.709855,49.9196,49.9204,49.928
0.710355,49.9196,49.9204,49.928
0.710855,49.9196,49.9204,49.928
0.711356,49.9196,49.9204,49.9279
0.711856,49.9196,49.9204,49.9279
0.712356,49.9196,49.9204,49.9279
0.712856,49.9196,49.9204,49.9279
0.713357,49.9196,49.9204,49.9279
0.713857,49.9196,49.9204,49.9279
0.714357,49.9196,49.9204,49.9278
0.714857,49.9196,49.9204,49.9278
0.715358,49.9196,49.9203,49.9278
0.715858,49.9196,49.9203,49.9278
0.716358,49.9196,49.9203,49.9278
0.716858,49.9196,49.9203,49.9278
0.717359,49.9196,49.9203,49.9277
0.717859,49.9196,49.9203,49.9277
0.718359,49.9196,49.9203,49.9277
0.718859,49.9196,49.9203,49.9277
0.71936,49.9196,49.9203,49.9277
0.71986,49.9196,49.9203,49.9276
0.72036,49.9196,49.9203,49.9276
0.72086,49.9196,49.9203,49.9276
0.721361,49.9196,49.9203,49.9276
0.721861,49.9196,49.9203,49.9276
0.722361,49.9196,49.9203,49.9276
0.722861,49.9196,49.9203,49.9275
0.723362,49.9196,49.9203,49.9275
0.723862,49.9196,49.9203,49.9275
0.724362,49.9196,49.9203,49.9275
0.724862,49.9196,49.9203,49.9275
0.725363,49.9196,49.9203,49.9275
0.725863,49.9196,49.9203,49.9274
0.726363,49.9196,49.9203,49.9274
0.726863,49.9196,49.9203,49.9274
0.727364,49.9196,49.9203,49.9274
0.727864,49.9196,49.9203,49.9274
0.728364,49.9196,49.9203,49.9274
0.728864,49.9196,49.9203,49.9274
0.729365,49.9196,49.9203,49.9273
0.729865,49.9196,49.9203,49.9273
0.730365,49.9196,49.9203,49.9273
0.730865,49.9196,49.9203,49.9273
0.731366,49.9196,49.9203,49.9273
0.731866,49.9196,49.9202,49.9273
0.732366,49.9196,49.9202,49.9272
0.732866,49.9196,49.9202,49.9272
0.733367,49.9196,49.9202,49.9272
0.733867,49.9196,49.9202,49.9272
0.734367,49.9196,49.9202,49.9272
0.734867,49.9196,49.9202,49.9272
0.735368,49.9196,49.9202,49.9271
0.735868,49.9196,49.9202,49.9271
0.736368,49.9196,49.9202,49.9271
0.736868,49.9196,49.9202,49.9271
0.737369,49.9196,49.9202,49.9271
0.737869,49.9196,49.9202,49.9271
0.738369,49.9196,49.9202,49.9271
0.738869,49.9196,49.9202,49.927
0.73937,49.9196,49.9202,49.927
0.73987,49.9196,49.9202,49.927
0.74037,49.9196,49.9202,49.927
0.74087,49.9196,49.9202,49.927
0.741371,49.9196,49.9202,49.927
0.741871,49.9196,49.9202,49.9269
0.742371,49.9196,49.9202,49.9269
0.742871,49.9196,49.9202,49.9269
0.743372,49.9196,49.9202,49.9269
0.743872,49.9196,49.9202,49.9269
0.744372,49.9196,49.9202,49.9269
0.744872,49.9196,49.9202,49.9269
0.745373,49.9196,49.9202,49.9268
0.745873,49.9196,49.9202,49.9268
0.746373,49.9196,49.9202,49.9268
0.746873,49.9196,49.9202,49.9268
0.747374,49.9196,49.9202,49.9268
0.747874,49.9196,49.9202,49.9268
0.748374,49.9196,49.9202,49.9267
0.748874,49.9196,49.9202,49.9267
0.749375,49.9196,49.9202,49.9267
0.749875,49.9196,49.9202,49.9267
0.750375,49.9196,49.9202,49.9267
0.750875,49.9196,49.9202,49.9267
0.751376,49.9196,49.9202,49.9267
0.751876,49.9196,49.9201,49.9266
0.752376,49.9196,49.9201,49.9266
0.752876,49.9196,49.9201,49.9266
0.753377,49.9196,49.9201,49.9266
0.753877,49.9196,49.9201,49.9266
0.754377,49.9196,49.9201,49.9266
0.754877,49.9196,49.9201,49.9266
0.755378,49.9196,49.9201,49.9265
0.755878,49.9196,49.9201,49.9265
0.756378,49.9196,49.9201,49.9265
0.756878,49.9196,49.9201,49.9265
0.757379,49.9196,49.9201,49.9265
0.757879,49.9196,49.9201,49.9265
0.758379,49.9196,49.9201,49.9265
0.758879,49.9196,49.9201,49.9264
0.75938,49.9196,49.9201,49.9264
0.75988,49.9196,49.9201,49.9264
0.76038,49.9196,49.9201,49.9264
0.76088,49.9196,49.9201,49.9264
0.761381,49.9196,49.9201,49.9264
0.761881,49.9196,49.9201,49.9264
0.762381,49.9196,49.9201,49.9263
0.762881,49.9196,49.9201,49.9263
0.763382,49.9196,49.9201,49.9263
0.763882,49.9196,49.9201,49.9263
0.764382,49.9196,49.9201,49.9263
0.764882,49.9196,49.9201,49.9263
0.765383,49.9196,49.9201,49.9263
0.765883,49.9196,49.9201,49.9262
0.766383,49.9196,49.9201,49.9262
0.766883,49.9196,49.9201,49.9262
0.767384,49.9196,49.9201,49.9262
0.767884,49.9196,49.9201,49.9262
0.768384,49.9196,49.9201,49.9262
0.768884,49.9196,49.9201,49.9262
0.769385,49.9196,49.9201,49.9261
0.769885,49.9196,49.9201,49.9261
0.770385,49.9196,49.9201,49.9261
0.770885,49.9196,49.9201,49.9261
0.771386,49.9196,49.9201,49.9261
0.771886,49.9196,49.9201,49.9261
0.772386,49.9196,49.9201,49.9261
0.772886,49.9196,49.9201,49.9261
0.773387,49.9196,49.9201,49.926
0.773887,49.9196,49.9201,49.926
0.774387,49.9196,49.9201,49.926
0.774887,49.9196,49.92,49.926
0.775388,49.9196,49.92,49.926
0.775888,49.9196,49.92,49.926
0.776388,49.9196,49.92,49.926
0.776888,49.9196,49.92,49.9259
0.777389,49.9196,49.92,49.9259
0.777889,49.9196,49.92,49.9259
0.778389,49.9196,49.92,49.9259
0.778889,49.9196,49.92,49.9259
0.77939,49.9196,49.92,49.9259
0.77989,49.9196,49.92,49.9259
0.78039,49.9196,49.92,49.9259
0.78089,49.9196,49.92,49.9258
0.781391,49.9196,49.92,49.9258
0.781891,49.9196,49.92,49.9258
0.782391,49.9196,49.92,49.9258
0.782891,49.9196,49.92,49.9258
0.783392,49.9196,49.92,49.9258
0.783892,49.9196,49.92,49.9258
0.784392,49.9196,49.92,49.9257
0.784892,49.9196,49.92,49.9257
0.785393,49.9196,49.92,49.9257
0.785893,49.9196,49.92,49.9257
0.786393,49.9196,49.92,49.9257
0.786893,49.9196,49.92,49.9257
0.787394,49.9196,49.92,49.9257
0.787894,49.9196,49.92,49.9257
0.788394,49.9196,49.92,49.9256
0.788894,49.9196,49.92,49.9256
0.789395,49.9196,49.92,49.9256
0.789895,49.9196,49.92,49.9256
0.790395,49.9196,49.92,49.9256
0.790895,49.9196,49.92,49.9256
0.791396,49.9196,49.92,49.9256
0.791896,49.9196,49.92,49.9256
0.792396,49.9196,49.92,49.9255
0.792896,49.9196,49.92,49.9255
0.793397,49.9196,49.92,49.9255
0.793897,49.9196,49.92,49.9255
0.794397,49.9196,49.92,49.9255
0.794897,49.9196,49.92,49.9255
0.795398,49.9196,49.92,49.9255
0.795898,49.9196,49.92,49.9255
0.796398,49.9196,49.92,49.9254
0.796898,49.9196,49.92,49.9254
0.797399,49.9196,49.92,49.9254
0.797899,49.9196,49.92,49.9254
0.798399,49.9196,49.92,49.9254
0.798899,49.9196,49.92,49.9254
0.7994,49.9196,49.92,49.9254
0.7999,49.9196,49.92,49.9254
0.8004,49.9196,49.92,49.9254
0.8009,49.9196,49.92,49.9253
0.801401,49.9196,49.92,49.9253
0.801901,49.9196,49.92,49.9253
0.802401,49.9196,49.92,49.9253
0.802901,49.9196,49.92,49.9253
0.803402,49.9196,49.92,49.9253
0.803902,49.9196,49.9199,49.9253
0.804402,49.9196,49.9199,49.9253
0.804902,49.9196,49.9199,49.9252
0.805403,49.9196,49.9199,49.9252
0.805903,49.9196,49.9199,49.9252
0.806403,49.9196,49.9199,49.9252
0.806903,49.9196,49.9199,49.9252
0.807404,49.9196,49.9199,49.9252
0.807904,49.9196,49.9199,49.9252
0.808404,49.9196,49.9199,49.9252
0.808904,49.9196,49.9199,49.9251
0.809405,49.9196,49.9199,49.9251
0.809905,49.9196,49.9199,49.9251
0.810405,49.9196,49.9199,49.9251
0.810905,49.9196,49.9199,49.9251
0.811406,49.9196,49.9199,49.9251
0.811906,49.9196,49.9199,49.9251
0.812406,49.9196,49.9199,49.9251
0.812906,49.9196,49.9199,49.9251
0.813407,49.9196,49.9199,49.925
0.813907,49.9196,49.9199,49.925
0.814407,49.9196,49.9199,49.925
0.814907,49.9196,49.9199,49.925
0.815408,49.9196,49.9199,49.925
0.815908,49.9196,49.9199,49.925
0.816408,49.9196,49.9199,49.925
0.816908,49.9196,49.9199,49.925
0.817409,49.9196,49.9199,49.925
0.817909,49.9196,49.9199,49.9249
0.818409,49.9196,49.9199,49.9249
0.818909,49.9196,49.9199,49.9249
0.81941,49.9196,49.9199,49.9249
0.81991,49.9196,49.9199,49.9249
0.82041,49.9196,49.9199,49.9249
0.82091,49.9196,49.9199,49.9249
0.821411,49.9196,49.9199,49.9249
0.821911,49.9196,49.9199,49.9249
0.822411,49.9196,49.9199,49.9248
0.822911,49.9196,49.9199,49.9248
0.823412,49.9196,49.9199,49.9248
0.823912,49.9196,49.9199,49.9248
0.824412,49.9196,49.9199,49.9248
0.824912,49.9196,49.9199,49.9248
0.825413,49.9196,49.9199,49.9248
0.825913,49.9196,49.9199,49.9248
0.826413,49.9196,49.9199,49.9248
0.826913,49.9196,49.9199,49.9247
0.827414,49.9196,49.9199,49.9247
0.827914,49.9196,49.9199,49.9247
0.828414,49.9196,49.9199,49.9247
0.828914,49.9196,49.9199,49.9247
0.829415,49.9196,49.9199,49.9247
0.829915,49.9196,49.9199,49.9247
0.830415,49.9196,49.9199,49.9247
0.830915,49.9196,49.9199,49.9247
0.831416,49.9196,49.9199,49.9247
0.831916,49.9196,49.9199,49.9246
0.832416,49.9196,49.9199,49.9246
0.832916,49.9196,49.9199,49.9246
0.833417,49.9196,49.9199,49.9246
0.833917,49.9196,49.9199,49.9246
0.834417,49.9196,49.9199,49.9246
0.834917,49.9196,49.9199,49.9246
0.835418,49.9196,49.9199,49.9246
0.835918,49.9196,49.9199,49.9246
0.836418,49.9196,49.9199,49.9245
0.836918,49.9196,49.9199,49.9245
0.837419,49.9196,49.9199,49.9245
0.837919,49.9196,49.9199,49.9245
0.838419,49.9196,49.9199,49.9245
0.838919,49.9196,49.9199,49.9245
0.83942,49.9196,49.9199,49.9245
0.83992,49.9196,49.9199,49.9245
0.84042,49.9196,49.9199,49.9245
0.84092,49.9196,49.9199,49.9245
0.841421,49.9196,49.9199,49.9244
0.841921,49.9196,49.9199,49.9244
0.842421,49.9196,49.9198,49.9244
0.842921,49.9196,49.9198,49.9244
0.843422,49.9196,49.9198,49.9244
0.843922,49.9196,49.9198,49.9244
0.844422,49.9196,49.9198,49.9244
0.844922,49.9196,49.9198,49.9244
0.845423,49.9196,49.9198,49.9244
0.845923,49.9196,49.9198,49.9244
0.846423,49.9196,49.9198,49.9243
0.846923,49.9196,49.9198,49.9243
0.847424,49.9196,49.9198,49.9243
0.847924,49.9196,49.9198,49.9243
0.848424,49.9196,49.9198,49.9243
0.848924,49.9196,49.9198,49.9243
0.849425,49.9196,49.9198,49.9243
0.849925,49.9196,49.9198,49.9243
0.850425,49.9196,49.9198,49.9243
0.850925,49.9196,49.9198,49.9243
0.851426,49.9196,49.9198,49.9242
0.851926,49.9196,49.9198,49.9242
0.852426,49.9196,49.9198,49.9242
0.852926,49.9196,49.9198,49.9242
0.853427,49.9196,49.9198,49.9242
0.853927,49.9196,49.9198,49.9242
0.854427,49.9196,49.9198,49.9242
0.854927,49.9196,49.9198,49.9242
0.855428,49.9196,49.9198,49.9242
0.855928,49.9196,49.9198,49.9242
0.856428,49.9196,49.9198,49.9241
0.856928,49.9196,49.9198,49.9241
0.857429,49.9196,49.9198,49.9241
0.857929,49.9196,49.9198,49.9241
0.858429,49.9196,49.9198,49.9241
0.858929,49.9196,49.9198,49.9241
0.85943,49.9196,49.9198,49.9241
0.85993,49.9196,49.9198,49.9241
0.86043,49.9196,49.9198,49.9241
0.86093,49.9196,49.9198,49.9241
0.861431,49.9196,49.9198,49.9241
0.861931,49.9196,49.9198,49.924
0.862431,49.9196,49.9198,49.924
0.862931,49.9196,49.9198,49.924
0.863432,49.9196,49.9198,49.924
0.863932,49.9196,49.9198,49.924
0.864432,49.9196,49.9198,49.924
0.864932,49.9196,49.9198,49.924
0.865433,49.9196,49.9198,49.924
0.865933,49.9196,49.9198,49.924
0.866433,49.9196,49.9198,49.924
0.866933,49.9196,49.9198,49.924
0.867434,49.9196,49.9198,49.9239
0.867934,49.9196,49.9198,49.9239
0.868434,49.9196,49.9198,49.9239
0.868934,49.9196,49.9198,49.9239
0.869435,49.9196,49.9198,49.9239
0.869935,49.9196,49.9198,49.9239
0.870435,49.9196,49.9198,49.9239
0.870935,49.9196,49.9198,49.9239
0.871436,49.9196,49.9198,49.9239
0.871936,49.9196,49.9198,49.9239
0.872436,49.9196,49.9198,49.9239
0.872936,49.9196,49.9198,49.9238
0.873437,49.9196,49.9198,49.9238
0.873937,49.9196,49.9198,49.9238
0.874437,49.9196,49.9198,49.9238
0.874937,49.9196,49.9198,49.9238
0.875438,49.9196,49.9198,49.9238
0.875938,49.9196,49.9198,49.9238
0.876438,49.9196,49.9198,49.9238
0.876938,49.9196,49.9198,49.9238
0.877439,49.9196,49.9198,49.9238
0.877939,49.9196,49.9198,49.9238
0.878439,49.9196,49.9198,49.9237
0.878939,49.9196,49.9198,49.9237
0.87944,49.9196,49.9198,49.9237
0.87994,49.9196,49.9198,49.9237
0.88044,49.9196,49.9198,49.9237
0.88094,49.9196,49.9198,49.9237
0.881441,49.9196,49.9198,49.9237
0.881941,49.9196,49.9198,49.9237
0.882441,49.9196,49.9198,49.9237
0.882941,49.9196,49.9198,49.9237
0.883442,49.9196,49.9198,49.9237
0.883942,49.9196,49.9198,49.9237
0.884442,49.9196,49.9198,49.9236
0.884942,49.9196,49.9198,49.9236
0.885443,49.9196,49.9198,49.9236
0.885943,49.9196,49.9198,49.9236
0.886443,49.9196,49.9198,49.9236
0.886943,49.9196,49.9198,49.9236
0.887444,49.9196,49.9198,49.9236
0.887944,49.9196,49.9198,49.9236
0.888444,49.9196,49.9198,49.9236
0.888944,49.9196,49.9198,49.9236
0.889445,49.9196,49.9198,49.9236
0.889945,49.9196,49.9198,49.9236
0.890445,49.9196,49.9198,49.9235
0.890945,49.9196,49.9198,49.9235
0.891446,49.9196,49.9198,49.9235
0.891946,49.9196,49.9198,49.9235
0.892446,49.9196,49.9198,49.9235
0.892946,49.9196,49.9198,49.9235
0.893447,49.9196,49.9198,49.9235
0.893947,49.9196,49.9198,49.9235
0.894447,49.9196,49.9198,49.9235
0.894947,49.9196,49.9198,49.9235
0.895448,49.9196,49.9198,49.9235
0.895948,49.9196,49.9198,49.9235
0.896448,49.9196,49.9198,49.9234
0.896948,49.9196,49.9198,49.9234
0.897449,49.9196,49.9198,49.9234
0.897949,49.9196,49.9198,49.9234
0.898449,49.9196,49.9198,49.9234
0.898949,49.9196,49.9198,49.9234
0.89945,49.9196,49.9197,49.9234
0.89995,49.9196,49.9197,49.9234
0.90045,49.9196,49.9197,49.9234
0.90095,49.9196,49.9197,49.9234
0.901451,49.9196,49.9197,49.9234
0.901951,49.9196,49.9197,49.9234
0.902451,49.9196,49.9197,49.9234
0.902951,49.9196,49.9197,49.9233
0.903452,49.9196,49.9197,49.9233
0.903952,49.9196,49.9197,49.9233
0.904452,49.9196,49.9197,49.9233
0.904952,49.9196,49.9197,49.9233
0.905453,49.9196,49.9197,49.9233
0.905953,49.9196,49.9197,49.9233
0.906453,49.9196,49.9197,49.9233
0.906953,49.9196,49.9197,49.9233
0.907454,49.9196,49.9197,49.9233
0.907954,49.9196,49.9197,49.9233
0.908454,49.9196,49.9197,49.9233
0.908954,49.9196,49.9197,49.9233
0.909455,49.9196,49.9197,49.9232
0.909955,49.9196,49.9197,49.9232
0.910455,49.9196,49.9197,49.9232
0.910955,49.9196,49.9197,49.9232
0.911456,49.9196,49.9197,49.9232
0.911956,49.9196,49.9197,49.9232
0.912456,49.9196,49.9197,49.9232
0.912956,49.9196,49.9197,49.9232
0.913457,49.9196,49.9197,49.9232
0.913957,49.9196,49.9197,49.9232
0.914457,49.9196,49.9197,49.9232
0.914957,49.9196,49.9197,49.9232
0.915458,49.9196,49.9197,49.9232
0.915958,49.9196,49.9197,49.9231
0.916458,49.9196,49.9197,49.9231
0.916958,49.9196,49.9197,49.9231
0.917459,49.9196,49.9197,49.9231
0.917959,49.9196,49.9197,49.9231
0.918459,49.9196,49.9197,49.9231
0.918959,49.9196,49.9197,49.9231
0.91946,49.9196,49.9197,49.9231
0.91996,49.9196,49.9197,49.9231
0.92046,49.9196,49.9197,49.9231
0.92096,49.9196,49.9197,49.9231
0.921461,49.9196,49.9197,49.9231
0.921961,49.9196,49.9197,49.9231
0.922461,49.9196,49.9197,49.9231
0.922961,49.9196,49.9197,49.923
0.923462,49.9196,49.9197,49.923
0.923962,49.9196,49.9197,49.923
0.924462,49.9196,49.9197,49.923
0.924962,49.9196,49.9197,49.923
0.925463,49.9196,49.9197,49.923
0.925963,49.9196,49.9197,49.923
0.926463,49.9196,49.9197,49.923
0.926963,49.9196,49.9197,49.923
0.927464,49.9196,49.9197,49.923
0.927964,49.9196,49.9197,49.923
0.928464,49.9196,49.9197,49.923
0.928964,49.9196,49.9197,49.923
0.929465,49.9196,49.9197,49.923
0.929965,49.9196,49.9197,49.9229
0.930465,49.9196,49.9197,49.9229
0.930965,49.9196,49.9197,49.9229
0.931466,49.9196,49.9197,49.9229
0.931966,49.9196,49.9197,49.9229
0.932466,49.9196,49.9197,49.9229
0.932966,49.9196,49.9197,49.9229
0.933467,49.9196,49.9197,49.9229
0.933967,49.9196,49.9197,49.9229
0.934467,49.9196,49.9197,49.9229
0.934967,49.9196,49.9197,49.9229
0.935468,49.9196,49.9197,49.9229
0.935968,49.9196,49.9197,49.9229
0.936468,49.9196,49.9197,49.9229
0.936968,49.9196,49.9197,49.9228
0.937469,49.9196,49.9197,49.9228
0.937969,49.9196,49.9197,49.9228
0.938469,49.9196,49.9197,49.9228
0.938969,49.9196,49.9197,49.9228
0.93947,49.9196,49.9197,49.9228
0.93997,49.9196,49.9197,49.9228
0.94047,49.9196,49.9197,49.9228
0.94097,49.9196,49.9197,49.9228
0.941471,49.9196,49.9197,49.9228
0.941971,49.9196,49.9197,49.9228
0.942471,49.9196,49.9197,49.9228
0.942971,49.9196,49.9197,49.9228
0.943472,49.9196,49.9197,49.9228
0.943972,49.9196,49.9197,49.9228
0.944472,49.9196,49.9197,49.9227
0.944972,49.9196,49.9197,49.9227
0.945473,49.9196,49.9197,49.9227
0.945973,49.9196,49.9197,49.9227
0.946473,49.9196,49.9197,49.9227
0.946973,49.9196,49.9197,49.9227
0.947474,49.9196,49.9197,49.9227
0.947974,49.9196,49.9197,49.9227
0.948474,49.9196,49.9197,49.9227
0.948974,49.9196,49.9197,49.9227
0.949475,49.9196,49.9197,49.9227
0.949975,49.9196,49.9197,49.9227
0.950475,49.9196,49.9197,49.9227
0.950975,49.9196,49.9197,49.9227
0.951476,49.9196,49.9197,49.9227
0.951976,49.9196,49.9197,49.9227
0.952476,49.9196,49.9197,49.9226
0.952976,49.9196,49.9197,49.9226
0.953477,49.9196,49.9197,49.9226
0.953977,49.9196,49.9197,49.9226
0.954477,49.9196,49.9197,49.9226
0.954977,49.9196,49.9197,49.9226
0.955478,49.9196,49.9197,49.9226
0.955978,49.9196,49.9197,49.9226
0.956478,49.9196,49.9197,49.9226
0.956978,49.9196,49.9197,49.9226
0.957479,49.9196,49.9197,49.9226
0.957979,49.9196,49.9197,49.9226
0.958479,49.9196,49.9197,49.9226
0.958979,49.9196,49.9197,49.9226
0.95948,49.9196,49.9197,49.9226
0.95998,49.9196,49.9197,49.9226
0.96048,49.9196,49.9197,49.9225
0.96098,49.9196,49.9197,49.9225
0.961481,49.9196,49.9197,49.9225
0.961981,49.9196,49.9197,49.9225
0.962481,49.9196,49.9197,49.9225
0.962981,49.9196,49.9197,49.9225
0.963482,49.9196,49.9197,49.9225
0.963982,49.9196,49.9197,49.9225
0.964482,49.9196,49.9197,49.9225
0.964982,49.9196,49.9197,49.9225
0.965483,49.9196,49.9197,49.9225
0.965983,49.9196,49.9197,49.9225
0.966483,49.9196,49.9197,49.9225
0.966983,49.9196,49.9197,49.9225
0.967484,49.9196,49.9197,49.9225
0.967984,49.9196,49.9197,49.9225
0.968484,49.9196,49.9197,49.9224
0.968984,49.9196,49.9197,49.9224
0.969485,49.9196,49.9197,49.9224
0.969985,49.9196,49.9197,49.9224
0.970485,49.9196,49.9197,49.9224
0.970985,49.9196,49.9197,49.9224
0.971486,49.9196,49.9197,49.9224
0.971986,49.9196,49.9197,49.9224
0.972486,49.9196,49.9197,49.9224
0.972986,49.9196,49.9197,49.9224
0.973487,49.9196,49.9197,49.9224
0.973987,49.9196,49.9197,49.9224
0.974487,49.9196,49.9197,49.9224
0.974987,49.9196,49.9197,49.9224
0.975488,49.9196,49.9197,49.9224
0.975988,49.9196,49.9197,49.9224
0.976488,49.9196,49.9197,49.9224
0.976988,49.9196,49.9197,49.9223
0.977489,49.9196,49.9197,49.9223
0.977989,49.9196,49.9197,49.9223
0.978489,49.9196,49.9197,49.9223
0.978989,49.9196,49.9197,49.9223
0.97949,49.9196,49.9197,49.9223
0.97999,49.9196,49.9197,49.9223
0.98049,49.9196,49.9197,49.9223
0.98099,49.9196,49.9197,49.9223
0.981491,49.9196,49.9197,49.9223
0.981991,49.9196,49.9197,49.9223
0.982491,49.9196,49.9197,49.9223
0.982991,49.9196,49.9197,49.9223
0.983492,49.9196,49.9197,49.9223
0.983992,49.9196,49.9197,49.9223
0.984492,49.9196,49.9197,49.9223
0.984992,49.9196,49.9197,49.9223
0.985493,49.9196,49.9197,49.9223
0.985993,49.9196,49.9197,49.9222
0.986493,49.9196,49.9197,49.9222
0.986993,49.9196,49.9197,49.9222
0.987494,49.9196,49.9197,49.9222
0.987994,49.9196,49.9197,49.9222
0.988494,49.9196,49.9197,49.9222
0.988994,49.9196,49.9197,49.9222
0.989495,49.9196,49.9197,49.9222
0.989995,49.9196,49.9197,49.9222
0.990495,49.9196,49.9197,49.9222
0.990995,49.9196,49.9197,49.9222
0.991496,49.9196,49.9197,49.9222
0.991996,49.9196,49.9197,49.9222
0.992496,49.9196,49.9197,49.9222
0.992996,49.9196,49.9197,49.9222
0.993497,49.9196,49.9197,49.9222
0.993997,49.9196,49.9197,49.9222
0.994497,49.9196,49.9197,49.9222
0.994997,49.9196,49.9197,49.9221
0.995498,49.9196,49.9197,49.9221
0.995998,49.9196,49.9197,49.9221
0.996498,49.9196,49.9197,49.9221
0.996998,49.9196,49.9197,49.9221
0.997499,49.9196,49.9197,49.9221
0.997999,49.9196,49.9197,49.9221
0.998499,49.9196,49.9197,49.9221
0.998999,49.9196,49.9197,49.9221
0.9995,49.9196,49.9197,49.9221
1,49.9196,49.9197,49.9221
