f_Hz,absZdd_ohm,angZdd_deg,absZqq_ohm,angZqq_deg,absZdq_ohm,absZqd_ohm
0.1,3.99383,87.8153,3.82656,-85.5726,3.18263,39.4122
0.101823,3.92569,87.7229,3.75529,-85.544,3.18143,38.7101
0.103679,3.85882,87.6298,3.68523,-85.5136,3.18027,38.0206
0.105568,3.79321,87.5362,3.61637,-85.4816,3.17915,37.3435
0.107493,3.72884,87.442,3.5487,-85.4478,3.17807,36.6785
0.109452,3.66567,87.3471,3.48217,-85.4123,3.17703,36.0255
0.111447,3.6037,87.2515,3.41679,-85.375,3.17602,35.3842
0.113478,3.54291,87.1553,3.35251,-85.3359,3.17505,34.7544
0.115547,3.48326,87.0584,3.28933,-85.295,3.17412,34.1359
0.117653,3.42475,86.9608,3.22722,-85.2522,3.17321,33.5285
0.119797,3.36736,86.8624,3.16616,-85.2075,3.17234,32.9321
0.121981,3.31106,86.7633,3.10613,-85.1608,3.1715,32.3464
0.124204,3.25583,86.6634,3.04712,-85.1122,3.17069,31.7712
0.126468,3.20167,86.5628,2.98909,-85.0615,3.16991,31.2064
0.128773,3.14855,86.4613,2.93205,-85.0088,3.16915,30.6517
0.13112,3.09646,86.359,2.87596,-84.954,3.16843,30.107
0.13351,3.04537,86.2558,2.8208,-84.8971,3.16772,29.5721
0.135944,2.99527,86.1518,2.76657,-84.8379,3.16705,29.0469
0.138422,2.94615,86.047,2.71324,-84.7766,3.16639,28.5311
0.140945,2.89799,85.9412,2.6608,-84.7129,3.16576,28.0246
0.143514,2.85078,85.8346,2.60922,-84.6468,3.16515,27.5272
0.14613,2.80449,85.727,2.5585,-84.5784,3.16457,27.0388
0.148793,2.75911,85.6185,2.50861,-84.5074,3.164,26.5592
0.151505,2.71463,85.5091,2.45954,-84.434,3.16345,26.0883
0.154267,2.67103,85.3987,2.41127,-84.3579,3.16293,25.6259
0.157079,2.62831,85.2874,2.36379,-84.2791,3.16242,25.1718
0.159942,2.58644,85.1751,2.31709,-84.1975,3.16193,24.7259
0.162857,2.54541,85.0618,2.27114,-84.1131,3.16146,24.2881
0.165826,2.50521,84.9475,2.22593,-84.0258,3.161,23.8582
0.168848,2.46582,84.8323,2.18146,-83.9355,3.16056,23.4361
0.171926,2.42724,84.716,2.13769,-83.842,3.16014,23.0216
0.175059,2.38945,84.5988,2.09463,-83.7453,3.15973,22.6146
0.17825,2.35243,84.4805,2.05225,-83.6453,3.15933,22.215
0.181499,2.31618,84.3612,2.01055,-83.5418,3.15895,21.8226
0.184807,2.28069,84.241,1.9695,-83.4348,3.15858,21.4374
0.188176,2.24593,84.1197,1.9291,-83.3241,3.15823,21.0591
0.191606,2.21191,83.9974,1.88933,-83.2095,3.15789,20.6877
0.195098,2.1786,83.8741,1.85018,-83.091,3.15756,20.323
0.198654,2.146,83.7498,1.81165,-82.9684,3.15724,19.965
0.202275,2.1141,83.6245,1.7737,-82.8415,3.15693,19.6135
0.205962,2.08289,83.4982,1.73634,-82.7101,3.15664,19.2683
0.209716,2.05235,83.371,1.69955,-82.5741,3.15635,18.9295
0.213539,2.02248,83.2428,1.66332,-82.4333,3.15608,18.5968
0.217431,1.99327,83.1136,1.62764,-82.2874,3.15581,18.2701
0.221394,1.96471,82.9835,1.5925,-82.1364,3.15556,17.9495
0.22543,1.93678,82.8524,1.55789,-81.9798,3.15531,17.6347
0.229539,1.90948,82.7204,1.52379,-81.8175,3.15507,17.3256
0.233722,1.8828,82.5876,1.49019,-81.6492,3.15484,17.0222
0.237983,1.85673,82.4538,1.45709,-81.4747,3.15462,16.7243
0.24232,1.83126,82.3193,1.42447,-81.2935,3.15441,16.4319
0.246737,1.80639,82.1838,1.39233,-81.1055,3.1542,16.1448
0.251234,1.7821,82.0476,1.36066,-80.9103,3.15401,15.863
0.255814,1.75839,81.9106,1.32943,-80.7074,3.15381,15.5864
0.260477,1.73525,81.7729,1.29866,-80.4965,3.15363,15.3148
0.265224,1.71267,81.6344,1.26832,-80.2773,3.15345,15.0482
0.270059,1.69064,81.4953,1.23841,-80.0491,3.15328,14.7866
0.274981,1.66917,81.3555,1.20892,-79.8116,3.15312,14.5297
0.279993,1.64823,81.2151,1.17983,-79.5641,3.15296,14.2776
0.285097,1.62782,81.0742,1.15115,-79.3062,3.1528,14.0302
0.290293,1.60794,80.9327,1.12287,-79.0372,3.15266,13.7873
0.295584,1.58857,80.7907,1.09497,-78.7565,3.15251,13.5489
0.300972,1.56972,80.6483,1.06745,-78.4633,3.15238,13.3149
0.306458,1.55138,80.5055,1.0403,-78.1568,3.15224,13.0853
0.312044,1.53353,80.3623,1.01351,-77.8363,3.15212,12.8599
0.317731,1.51618,80.2188,0.987085,-77.5008,3.15199,12.6387
0.323523,1.49932,80.0751,0.961009,-77.1492,3.15187,12.4216
0.32942,1.48294,79.9312,0.935277,-76.7807,3.15176,12.2086
0.335424,1.46703,79.7872,0.909886,-76.3938,3.15165,11.9996
0.341538,1.4516,79.643,0.884828,-75.9875,3.15154,11.7944
0.347763,1.43663,79.4989,0.860099,-75.5601,3.15144,11.5931
0.354102,1.42212,79.3547,0.835694,-75.1103,3.15134,11.3956
0.360556,1.40807,79.2107,0.81161,-74.6364,3.15125,11.2017
0.367128,1.39447,79.0668,0.787843,-74.1364,3.15116,11.0116
0.37382,1.38131,78.9231,0.764388,-73.6084,3.15107,10.825
0.380634,1.36859,78.7797,0.741246,-73.05,3.15099,10.6419
0.387572,1.35632,78.6366,0.718412,-72.459,3.15091,10.4623
0.394636,1.34447,78.4939,0.695887,-71.8324,3.15083,10.2861
0.401829,1.33305,78.3516,0.673671,-71.1673,3.15075,10.1132
0.409153,1.32205,78.2099,0.651764,-70.4603,3.15068,9.9436
0.416611,1.31148,78.0687,0.630168,-69.7078,3.15061,9.77724
0.424205,1.30132,77.9282,0.608886,-68.9056,3.15055,9.61406
0.431937,1.29157,77.7883,0.587924,-68.0492,3.15048,9.454
0.43981,1.28223,77.6492,0.567287,-67.1333,3.15042,9.29701
0.447826,1.2733,77.511,0.546983,-66.1525,3.15036,9.14303
0.455989,1.26477,77.3736,0.527023,-65.1004,3.1503,8.99203
0.4643,1.25664,77.2371,0.507418,-63.9698,3.15025,8.84393
0.472763,1.2489,77.1015,0.488185,-62.7531,3.1502,8.6987
0.48138,1.24156,76.9671,0.469341,-61.4415,3.15015,8.55629
0.490154,1.2346,76.8336,0.450909,-60.0254,3.1501,8.41665
0.499088,1.22803,76.7013,0.432915,-58.4941,3.15005,8.27973
0.508185,1.22185,76.5702,0.415391,-56.836,3.15001,8.14549
0.517448,1.21605,76.4402,0.398372,-55.0381,3.14997,8.01389
0.52688,1.21063,76.3115,0.381903,-53.0869,3.14993,7.88487
0.536483,1.20558,76.1841,0.366033,-50.9675,3.14989,7.75839
0.546262,1.20091,76.0579,0.35082,-48.6646,3.14985,7.63442
0.556219,1.19662,75.9331,0.336332,-46.1628,3.14982,7.51291
0.566357,1.19269,75.8097,0.322643,-43.447,3.14978,7.39382
0.57668,1.18913,75.6876,0.309839,-40.5034,3.14975,7.27711
0.587191,1.18594,75.5668,0.298016,-37.3211,3.14972,7.16274
0.597894,1.18312,75.4475,0.287274,-33.8934,3.14969,7.05067
0.608792,1.18065,75.3296,0.277724,-30.2199,3.14966,6.94086
0.619889,1.17856,75.2131,0.269476,-26.3085,3.14964,6.83327
0.631188,1.17682,75.0979,0.262638,-22.1771,3.14961,6.72787
0.642692,1.17544,74.9842,0.257312,-17.8552,3.14959,6.62463
0.654407,1.17442,74.8718,0.253581,-13.3839,3.14957,6.5235
0.666335,1.17376,74.7608,0.251508,-8.81456,3.14955,6.42444
0.67848,1.17345,74.6511,0.251128,-4.20587,3.14953,6.32744
0.690847,1.1735,74.5427,0.252444,0.380248,3.14951,6.23245
0.703439,1.1739,74.4356,0.255426,4.88351,3.14949,6.13943
0.716261,1.17466,74.3297,0.260018,9.24975,3.14948,6.04836
0.729316,1.17577,74.225,0.266136,13.4343,3.14946,5.9592
0.74261,1.17723,74.1215,0.273682,17.404,3.14945,5.87193
0.756146,1.17904,74.019,0.282544,21.137,3.14944,5.7865
0.769928,1.18121,73.9176,0.292609,24.6224,3.14943,5.70289
0.783962,1.18372,73.8172,0.303765,27.8582,3.14942,5.62107
0.798251,1.18659,73.7177,0.315904,30.8491,3.14941,5.54101
0.812801,1.1898,73.619,0.328926,33.6051,3.1494,5.46268
0.827616,1.19337,73.5212,0.342741,36.139,3.14939,5.38605
0.842701,1.19729,73.424,0.357268,38.4656,3.14939,5.31109
0.858061,1.20155,73.3274,0.372435,40.6004,3.14938,5.23778
0.873701,1.20616,73.2315,0.388179,42.5587,3.14938,5.16608
0.889626,1.21113,73.1359,0.404446,44.3555,3.14937,5.09597
0.905842,1.21644,73.0408,0.421188,46.005,3.14937,5.02742
0.922353,1.2221,72.9459,0.438365,47.5202,3.14937,4.96041
0.939165,1.22811,72.8513,0.455941,48.9132,3.14937,4.8949
0.956283,1.23447,72.7568,0.473888,50.195,3.14937,4.83088
0.973713,1.24118,72.6622,0.492177,51.3755,3.14937,4.76832
0.991461,1.24824,72.5676,0.510789,52.4638,3.14937,4.70719
1.00953,1.25565,72.4729,0.529704,53.468,3.14938,4.64746
1.02793,1.2634,72.3778,0.548906,54.3953,3.14938,4.58912
1.04667,1.27151,72.2824,0.568381,55.2523,3.14939,4.53214
1.06575,1.27997,72.1865,0.588118,56.0449,3.14939,4.4765
1.08517,1.28877,72.0901,0.608107,56.7783,3.1494,4.42217
1.10495,1.29793,71.993,0.62834,57.4573,3.1494,4.36912
1.12509,1.30744,71.8952,0.648809,58.0862,3.14941,4.31734
1.1456,1.31729,71.7965,0.669509,58.6688,3.14942,4.26681
1.16648,1.3275,71.6969,0.690436,59.2086,3.14943,4.21749
1.18774,1.33805,71.5962,0.711584,59.7087,3.14944,4.16938
1.20939,1.34896,71.4945,0.73295,60.1719,3.14945,4.12244
1.23144,1.36022,71.3915,0.754532,60.6009,3.14947,4.07665
1.25388,1.37182,71.2872,0.776328,60.9979,3.14948,4.032
1.27674,1.38378,71.1816,0.798334,61.3651,3.14949,3.98846
1.30001,1.39608,71.0745,0.820551,61.7043,3.14951,3.94601
1.3237,1.40873,70.9659,0.842977,62.0174,3.14952,3.90464
1.34783,1.42173,70.8557,0.86561,62.3059,3.14954,3.86431
1.3724,1.43508,70.7438,0.888451,62.5714,3.14955,3.82501
1.39741,1.44878,70.6302,0.911498,62.8152,3.14957,3.78673
1.42288,1.46282,70.5147,0.934752,63.0384,3.14959,3.74943
1.44882,1.47721,70.3975,0.958211,63.2424,3.14961,3.71311
1.47523,1.49194,70.2783,0.981875,63.428,3.14962,3.67774
1.50212,1.50701,70.1571,1.00575,63.5963,3.14964,3.6433
1.5295,1.52243,70.0339,1.02982,63.7482,3.14966,3.60978
1.55737,1.53819,69.9087,1.0541,63.8846,3.14968,3.57715
1.58576,1.55429,69.7813,1.07859,64.0061,3.1497,3.5454
1.61467,1.57073,69.6519,1.10327,64.1135,3.14972,3.5145
1.6441,1.5875,69.5203,1.12817,64.2076,3.14975,3.48445
1.67406,1.60461,69.3866,1.15326,64.2889,3.14977,3.45523
1.70458,1.62206,69.2506,1.17856,64.358,3.14979,3.42681
1.73565,1.63983,69.1125,1.20406,64.4155,3.14981,3.39917
1.76728,1.65794,68.9722,1.22977,64.462,3.14984,3.37231
1.79949,1.67637,68.8297,1.25567,64.4978,3.14986,3.34621
1.83229,1.69512,68.685,1.28178,64.5236,3.14988,3.32084
1.86569,1.7142,68.5381,1.30808,64.5396,3.1499,3.2962
1.8997,1.73359,68.389,1.33458,64.5465,3.14993,3.27226
1.93432,1.7533,68.2379,1.36128,64.5445,3.14995,3.24901
1.96958,1.77332,68.0846,1.38817,64.534,3.14997,3.22644
2.00548,1.79366,67.9292,1.41525,64.5155,3.14999,3.20453
2.04204,1.81429,67.7718,1.44253,64.4893,3.15002,3.18326
2.07926,1.83524,67.6124,1.46999,64.4556,3.15004,3.16263
2.11716,1.85648,67.4512,1.49765,64.415,3.15006,3.1426
2.15575,1.87801,67.288,1.52548,64.3677,3.15008,3.12318
2.19504,1.89984,67.123,1.55351,64.3139,3.1501,3.10435
2.23505,1.92195,66.9563,1.58171,64.2541,3.15012,3.08609
2.27579,1.94435,66.7879,1.61009,64.1884,3.15014,3.06838
2.31727,1.96702,66.618,1.63864,64.1173,3.15015,3.05123
2.35951,1.98997,66.4466,1.66737,64.0409,3.15017,3.0346
2.40251,2.01319,66.2738,1.69626,63.9596,3.15018,3.0185
2.4463,2.03668,66.0997,1.72533,63.8736,3.15019,3.0029
2.49089,2.06043,65.9244,1.75455,63.7832,3.15021,2.9878
2.53629,2.08443,65.748,1.78394,63.6887,3.15021,2.97318
2.58252,2.10868,65.5707,1.81348,63.5903,3.15022,2.95904
2.6296,2.13318,65.3925,1.84318,63.4883,3.15023,2.94535
2.67753,2.15792,65.2136,1.87303,63.383,3.15023,2.93211
2.72633,2.1829,65.0341,1.90303,63.2745,3.15023,2.91931
2.77602,2.20811,64.8542,1.93317,63.1632,3.15023,2.90693
2.82662,2.23355,64.674,1.96345,63.0493,3.15022,2.89497
2.87814,2.25921,64.4936,1.99387,62.9331,3.15022,2.88342
2.9306,2.28509,64.3132,2.02442,62.8147,3.1502,2.87226
2.98402,2.31118,64.1329,2.05511,62.6945,3.15019,2.86149
3.03841,2.33749,63.9529,2.08593,62.5727,3.15017,2.8511
3.09379,2.364,63.7734,2.11687,62.4495,3.15015,2.84107
3.15018,2.39071,63.5945,2.14794,62.3252,3.15012,2.8314
3.2076,2.41762,63.4163,2.17913,62.1999,3.15009,2.82208
3.26607,2.44473,63.2391,2.21043,62.074,3.15006,2.81309
3.3256,2.47202,63.0629,2.24186,61.9477,3.15002,2.80445
3.38622,2.49951,62.888,2.2734,61.8212,3.14997,2.79612
3.44794,2.52718,62.7146,2.30506,61.6947,3.14992,2.78811
3.51078,2.55503,62.5428,2.33683,61.5684,3.14987,2.78041
3.57478,2.58306,62.3727,2.36872,61.4426,3.14981,2.77302
3.63993,2.61128,62.2046,2.40072,61.3176,3.14974,2.76591
3.70628,2.63967,62.0386,2.43283,61.1934,3.14966,2.7591
3.77384,2.66824,61.8749,2.46506,61.0704,3.14958,2.75256
3.84262,2.69699,61.7137,2.4974,60.9486,3.1495,2.7463
3.91266,2.72592,61.5551,2.52986,60.8285,3.1494,2.7403
3.98398,2.75502,61.3992,2.56243,60.71,3.1493,2.73457
4.0566,2.7843,61.2463,2.59513,60.5935,3.14919,2.72909
4.13054,2.81377,61.0965,2.62795,60.4791,3.14908,2.72387
4.20582,2.84342,60.9499,2.6609,60.3671,3.14895,2.71888
4.28248,2.87325,60.8068,2.69398,60.2575,3.14882,2.71414
4.36054,2.90327,60.6672,2.72719,60.1505,3.14868,2.70963
4.44002,2.93349,60.5313,2.76055,60.0464,3.14853,2.70534
4.52095,2.9639,60.3993,2.79405,59.9453,3.14838,2.70129
4.60336,2.99452,60.2712,2.82771,59.8473,3.14821,2.69745
4.68726,3.02535,60.1472,2.86153,59.7526,3.14804,2.69382
4.7727,3.05639,60.0274,2.89551,59.6613,3.14785,2.69041
4.85969,3.08766,59.9119,2.92968,59.5736,3.14766,2.6872
4.94827,3.11915,59.8009,2.96403,59.4895,3.14745,2.6842
5.03846,3.15089,59.6943,2.99857,59.4092,3.14724,2.68139
5.1303,3.18287,59.5924,3.03333,59.3328,3.14702,2.67878
5.22381,3.21512,59.4952,3.0683,59.2604,3.14679,2.67637
5.31903,3.24763,59.4028,3.1035,59.1921,3.14655,2.67414
5.41598,3.28043,59.3152,3.13894,59.1279,3.1463,2.67209
5.51469,3.31351,59.2325,3.17463,59.0679,3.14604,2.67023
5.61521,3.34691,59.1548,3.2106,59.0122,3.14577,2.66854
5.71756,3.38062,59.082,3.24685,58.9608,3.14549,2.66703
5.82178,3.41467,59.0143,3.28339,58.9137,3.1452,2.6657
5.92789,3.44906,58.9516,3.32025,58.8711,3.1449,2.66454
6.03594,3.48382,58.8939,3.35744,58.8328,3.1446,2.66354
6.14596,3.51896,58.8413,3.39498,58.799,3.14428,2.66271
6.25798,3.55449,58.7937,3.43288,58.7695,3.14396,2.66205
6.37205,3.59044,58.7512,3.47116,58.7445,3.14363,2.66154
6.48819,3.62682,58.7136,3.50985,58.7238,3.14329,2.6612
6.60645,3.66365,58.681,3.54895,58.7075,3.14295,2.66101
6.72687,3.70095,58.6534,3.5885,58.6955,3.1426,2.66098
6.84948,3.73873,58.6305,3.62851,58.6877,3.14224,2.6611
6.97433,3.77703,58.6125,3.669,58.6841,3.14188,2.66138
7.10145,3.81586,58.5991,3.70999,58.6846,3.14152,2.6618
7.23089,3.85524,58.5904,3.75151,58.6891,3.14115,2.66238
7.36269,3.89519,58.5862,3.79358,58.6976,3.14077,2.6631
7.49689,3.93574,58.5865,3.83621,58.7099,3.1404,2.66397
7.63354,3.97691,58.591,3.87944,58.726,3.14002,2.66498
7.77268,4.01872,58.5998,3.92329,58.7456,3.13965,2.66614
7.91435,4.0612,58.6126,3.96778,58.7688,3.13928,2.66744
8.05861,4.10436,58.6293,4.01294,58.7953,3.13891,2.66888
8.20549,4.14824,58.6498,4.05879,58.8251,3.13854,2.67046
8.35506,4.19286,58.674,4.10535,58.8579,3.13818,2.67218
8.50734,4.23824,58.7016,4.15266,58.8937,3.13783,2.67404
8.66241,4.28442,58.7325,4.20073,58.9322,3.13748,2.67604
8.8203,4.33141,58.7665,4.2496,58.9733,3.13715,2.67818
8.98107,4.37924,58.8034,4.29928,59.0169,3.13683,2.68044
9.14477,4.42794,58.8432,4.34981,59.0626,3.13652,2.68285
9.31145,4.47754,58.8855,4.40122,59.1105,3.13623,2.68539
9.48118,4.52806,58.9301,4.45353,59.1603,3.13595,2.68806
9.65399,4.57953,58.977,4.50676,59.2117,3.1357,2.69087
9.82996,4.63198,59.0257,4.56095,59.2646,3.13547,2.69381
10.0091,4.68543,59.0763,4.61612,59.3189,3.13527,2.69688
10.1916,4.73992,59.1284,4.6723,59.3742,3.1351,2.70008
10.3773,4.79547,59.1818,4.72953,59.4304,3.13495,2.70341
10.5665,4.85211,59.2364,4.78781,59.4874,3.13484,2.70687
10.7591,4.90986,59.2918,4.8472,59.5448,3.13477,2.71047
10.9552,4.96877,59.3479,4.90771,59.6024,3.13473,2.71419
11.1549,5.02885,59.4044,4.96937,59.6602,3.13474,2.71804
11.3582,5.09013,59.4612,5.03221,59.7178,3.1348,2.72202
11.5652,5.15265,59.518,5.09626,59.775,3.13491,2.72613
11.776,5.21643,59.5745,5.16155,59.8317,3.13506,2.73037
11.9907,5.2815,59.6306,5.22811,59.8875,3.13528,2.73474
12.2092,5.34789,59.6859,5.29596,59.9424,3.13556,2.73923
12.4318,5.41563,59.7404,5.36514,59.9961,3.1359,2.74385
12.6584,5.48475,59.7937,5.43568,60.0483,3.13631,2.7486
12.8891,5.55528,59.8457,5.5076,60.099,3.13679,2.75348
13.124,5.62725,59.8961,5.58093,60.1477,3.13735,2.75849
13.3632,5.70069,59.9447,5.65571,60.1945,3.13799,2.76362
13.6068,5.77562,59.9913,5.73196,60.239,3.13871,2.76889
13.8548,5.85208,60.0356,5.80971,60.281,3.13952,2.77428
14.1073,5.9301,60.0775,5.88899,60.3204,3.14043,2.7798
14.3645,6.0097,60.1167,5.96984,60.357,3.14144,2.78545
14.6263,6.09092,60.153,6.05227,60.3905,3.14254,2.79122
14.8929,6.17379,60.1863,6.13632,60.4207,3.14376,2.79713
15.1644,6.25833,60.2162,6.22203,60.4476,3.14509,2.80317
15.4408,6.34457,60.2427,6.30941,60.4708,3.14654,2.80934
15.7222,6.43255,60.2655,6.3985,60.4902,3.1481,2.81564
16.0088,6.5223,60.2844,6.48934,60.5056,3.1498,2.82208
16.3006,6.61383,60.2992,6.58193,60.5168,3.15162,2.82864
16.5977,6.70719,60.3097,6.67633,60.5237,3.15358,2.83534
16.9002,6.8024,60.3158,6.77255,60.5261,3.15569,2.84218
17.2083,6.89949,60.3173,6.87063,60.5238,3.15793,2.84915
17.5219,6.99848,60.3139,6.97059,60.5166,3.16033,2.85626
17.8413,7.09942,60.3056,7.07247,60.5044,3.16289,2.8635
18.1665,7.20233,60.2921,7.17629,60.487,3.1656,2.87088
18.4976,7.30723,60.2733,7.28208,60.4642,3.16848,2.87841
18.8348,7.41416,60.2489,7.38988,60.436,3.17152,2.88607
19.1781,7.52314,60.2189,7.4997,60.402,3.17474,2.89388
19.5276,7.6342,60.1831,7.61158,60.3623,3.17814,2.90182
19.8836,7.74737,60.1413,7.72555,60.3165,3.18172,2.90992
20.246,7.86268,60.0934,7.84164,60.2647,3.18548,2.91816
20.615,7.98015,60.0392,7.95986,60.2066,3.18943,2.92654
20.9908,8.09981,59.9785,8.08026,60.1421,3.19358,2.93507
21.3734,8.2217,59.9113,8.20285,60.0711,3.19792,2.94375
21.763,8.34582,59.8374,8.32767,59.9933,3.20247,2.95258
22.1596,8.47222,59.7566,8.45473,59.9088,3.20721,2.96156
22.5635,8.60092,59.6688,8.58408,59.8173,3.21217,2.97069
22.9748,8.73193,59.5739,8.71572,59.7188,3.21733,2.97998
23.3936,8.86529,59.4717,8.84969,59.613,3.2227,2.98941
23.82,9.00103,59.3621,8.98601,59.4999,3.22829,2.999
24.2542,9.13915,59.2451,9.12471,59.3793,3.23409,3.00875
24.6962,9.2797,59.1203,9.26581,59.2512,3.24011,3.01864
25.1464,9.42268,58.9878,9.40932,59.1153,3.24635,3.02869
25.6047,9.56812,58.8475,9.55528,58.9716,3.25281,3.03889
26.0714,9.71604,58.6991,9.7037,58.82,3.25948,3.04924
26.5466,9.86646,58.5425,9.85461,58.6603,3.26638,3.05975
27.0305,10.0194,58.3778,10.008,58.4924,3.27349,3.0704
27.5232,10.1749,58.2046,10.1639,58.3163,3.28081,3.0812
28.0249,10.3329,58.023,10.3224,58.1317,3.28836,3.09215
28.5357,10.4935,57.8328,10.4834,57.9386,3.29611,3.10323
29.0558,10.6567,57.6339,10.647,57.7369,3.30408,3.11446
29.5854,10.8224,57.4262,10.8132,57.5264,3.31226,3.12583
30.1247,10.9908,57.2096,10.9819,57.3071,3.32063,3.13733
30.6738,11.1618,56.984,11.1533,57.0789,3.32921,3.14896
31.2329,11.3354,56.7492,11.3273,56.8415,3.33797,3.1607
31.8021,11.5116,56.5052,11.5038,56.595,3.34693,3.17257
32.3818,11.6905,56.2518,11.683,56.3392,3.35606,3.18455
32.972,11.872,55.989,11.8649,56.0741,3.36537,3.19662
33.573,12.0562,55.7167,12.0493,55.7995,3.37483,3.2088
34.185,12.2429,55.4347,12.2364,55.5152,3.38446,3.22106
34.8081,12.4323,55.143,12.4261,55.2213,3.39422,3.23339
35.4425,12.6243,54.8414,12.6183,54.9176,3.40412,3.24579
36.0885,12.8189,54.5299,12.8132,54.6041,3.41413,3.25824
36.7463,13.0161,54.2083,13.0107,54.2805,3.42425,3.27074
37.4161,13.2159,53.8766,13.2107,53.9469,3.43446,3.28326
38.0981,13.4183,53.5347,13.4133,53.603,3.44474,3.29579
38.7925,13.6232,53.1824,13.6185,53.249,3.45508,3.30832
39.4996,13.8306,52.8197,13.8261,52.8845,3.46546,3.32083
40.2196,14.0404,52.4465,14.0362,52.5096,3.47586,3.33329
40.9527,14.2527,52.0628,14.2487,52.1241,3.48625,3.3457
41.6991,14.4674,51.6683,14.4636,51.728,3.49663,3.35803
42.4592,14.6845,51.263,14.6809,51.3212,3.50695,3.37026
43.2331,14.9039,50.8469,14.9005,50.9036,3.5172,3.38236
44.0211,15.1256,50.4199,15.1223,50.4751,3.52736,3.39432
44.8235,15.3494,49.9819,15.3464,50.0356,3.53738,3.40609
45.6405,15.5754,49.5327,15.5725,49.585,3.54725,3.41766
46.4724,15.8035,49.0724,15.8008,49.1234,3.55693,3.429
47.3194,16.0336,48.6008,16.031,48.6505,3.5664,3.44007
48.182,16.2656,48.118,16.2632,48.1663,3.57561,3.45084
49.0602,16.4995,47.6237,16.4972,47.6709,3.58453,3.46129
49.9544,16.735,47.1181,16.7329,47.164,3.59313,3.47137
50.8649,16.9723,46.6009,16.9703,46.6456,3.60136,3.48104
51.7921,17.211,46.0722,17.2092,46.1158,3.60919,3.49028
52.7361,17.4513,45.5318,17.4496,45.5743,3.61658,3.49904
53.6973,17.6928,44.9799,17.6912,45.0213,3.62348,3.50728
54.6761,17.9355,44.4162,17.9341,44.4566,3.62985,3.51495
55.6727,18.1792,43.8409,18.178,43.8802,3.63564,3.52202
56.6874,18.4239,43.2537,18.4228,43.2921,3.64081,3.52844
57.7207,18.6693,42.6548,18.6683,42.6923,3.64531,3.53416
58.7727,18.9154,42.0441,18.9145,42.0806,3.64909,3.53915
59.844,19.1619,41.4217,19.1611,41.4572,3.65211,3.54334
60.9348,19.4086,40.7874,19.4079,40.8221,3.6543,3.54669
62.0455,19.6555,40.1413,19.6549,40.1751,3.65563,3.54915
63.1764,19.9022,39.4834,19.9017,39.5164,3.65603,3.55068
64.3279,20.1487,38.8138,20.1483,38.846,3.65546,3.55121
65.5004,20.3946,38.1324,20.3943,38.1638,3.65387,3.55071
66.6943,20.6399,37.4393,20.6397,37.47,3.65119,3.54912
67.91,20.8842,36.7346,20.8841,36.7645,3.64739,3.54639
69.1478,21.1273,36.0183,21.1273,36.0474,3.6424,3.54247
70.4081,21.3691,35.2904,21.3691,35.3189,3.63618,3.5373
71.6915,21.6092,34.5511,21.6093,34.5789,3.62868,3.53086
72.9982,21.8474,33.8005,21.8476,33.8276,3.61984,3.52307
74.3288,22.0835,33.0386,22.0838,33.065,3.60962,3.5139
75.6836,22.3172,32.2655,22.3175,32.2914,3.59797,3.50331
77.0631,22.5481,31.4815,22.5486,31.5067,3.58485,3.49125
78.4677,22.7762,30.6866,22.7767,30.7111,3.57022,3.47767
79.898,23.001,29.8809,23.0016,29.9049,3.55403,3.46255
81.3543,23.2223,29.0647,23.2229,29.0881,3.53625,3.44584
82.8371,23.4398,28.238,23.4405,28.2609,3.51684,3.42752
84.347,23.6531,27.4012,23.6539,27.4235,3.49578,3.40755
85.8844,23.8621,26.5544,23.863,26.5762,3.47304,3.38592
87.4499,24.0664,25.6978,24.0673,25.719,3.44859,3.36259
89.0438,24.2658,24.8316,24.2667,24.8524,3.42242,3.33755
90.6669,24.4598,23.9561,24.4608,23.9764,3.39452,3.31079
92.3195,24.6483,23.0716,24.6494,23.0913,3.36487,3.28231
94.0022,24.8309,22.1783,24.832,22.1975,3.33347,3.25209
95.7156,25.0074,21.2764,25.0085,21.2952,3.30033,3.22015
97.4602,25.1774,20.3663,25.1786,20.3847,3.26545,3.18649
99.2366,25.3407,19.4483,25.3419,19.4663,3.22885,3.15113
101.045,25.497,18.5228,25.4983,18.5402,3.19054,3.11408
102.887,25.646,17.5899,25.6473,17.607,3.15056,3.07539
104.763,25.7875,16.6501,25.7888,16.6668,3.10894,3.03507
106.672,25.9211,15.7038,25.9225,15.72,3.06571,2.99317
108.616,26.0468,14.7512,26.0482,14.7671,3.02093,2.94973
110.596,26.1642,13.7929,26.1656,13.8083,2.97464,2.90481
112.612,26.273,12.829,26.2745,12.8441,2.9269,2.85848
114.665,26.3732,11.8601,26.3747,11.8748,2.87779,2.81078
116.755,26.4645,10.8865,26.466,10.9008,2.82736,2.7618
118.883,26.5467,9.90869,26.5482,9.92266,2.77571,2.71161
121.05,26.6196,8.92701,26.6211,8.94064,2.72291,2.66031
123.256,26.6831,7.94191,26.6846,7.9552,2.66906,2.60797
125.503,26.737,6.95382,26.7386,6.96677,2.61425,2.55469
127.79,26.7813,5.96315,26.7829,5.97578,2.55859,2.50058
130.12,26.8158,4.97035,26.8174,4.98267,2.50217,2.44575
132.491,26.8404,3.97586,26.842,3.98787,2.44512,2.39029
134.906,26.8551,2.98011,26.8567,2.99181,2.38754,2.33433
137.365,26.8598,1.98355,26.8614,1.99496,2.32956,2.27799
139.869,26.8545,0.986619,26.8561,0.997737,2.27129,2.22139
142.418,26.8391,-0.0102385,26.8407,0.0005969,2.21287,2.16465
145.014,26.8136,-1.00658,26.8152,-0.99602,2.15442,2.1079
147.657,26.7782,-2.00196,26.7798,-1.99167,2.09608,2.05127
150.349,26.7327,-2.99594,26.7343,-2.98592,2.03797,1.99489
153.089,26.6773,-3.98809,26.6789,-3.97832,1.98022,1.93889
155.88,26.612,-4.97796,26.6136,-4.96844,1.92297,1.8834
158.721,26.537,-5.96513,26.5386,-5.95586,1.86636,1.82856
161.614,26.4523,-6.94917,26.4538,-6.94014,1.81051,1.77449
164.56,26.358,-7.92966,26.3595,-7.92086,1.75554,1.72133
167.559,26.2543,-8.90618,26.2558,-8.89761,1.7016,1.66919
170.613,26.1414,-9.87832,26.1429,-9.86997,1.6488,1.61821
173.723,26.0193,-10.8457,26.0208,-10.8376,1.59727,1.56849
176.89,25.8884,-11.8079,25.8898,-11.7999,1.54712,1.52016
180.114,25.7486,-12.7645,25.7501,-12.7568,1.49845,1.47331
183.397,25.6004,-13.7152,25.6018,-13.7076,1.45139,1.42806
186.74,25.4439,-14.6595,25.4453,-14.6522,1.40602,1.3845
190.143,25.2792,-15.5972,25.2806,-15.5901,1.36242,1.3427
193.609,25.1067,-16.5278,25.1081,-16.5209,1.32069,1.30276
197.138,24.9266,-17.4511,24.9279,-17.4443,1.2809,1.26472
200.731,24.7391,-18.3666,24.7404,-18.36,1.24308,1.22864
204.39,24.5445,-19.2741,24.5458,-19.2677,1.20731,1.19457
208.115,24.3431,-20.1732,24.3443,-20.167,1.17359,1.16252
211.909,24.135,-21.0637,24.1363,-21.0576,1.14197,1.13251
215.771,23.9207,-21.9452,23.9219,-21.9393,1.11242,1.10453
219.704,23.7003,-22.8175,23.7015,-22.8117,1.08495,1.07857
223.709,23.4741,-23.6802,23.4753,-23.6746,1.05952,1.05459
227.786,23.2425,-24.5332,23.2436,-24.5277,1.0361,1.03255
231.938,23.0056,-25.3761,23.0067,-25.3707,1.01462,1.01236
236.166,22.7638,-26.2087,22.7649,-26.2035,0.995003,0.993973
240.471,22.5173,-27.0309,22.5183,-27.0258,0.977176,0.977284
244.854,22.2664,-27.8423,22.2674,-27.8373,0.961037,0.962198
249.317,22.0114,-28.6427,22.0124,-28.6379,0.946482,0.948607
253.861,21.7525,-29.432,21.7535,-29.4273,0.933397,0.936397
258.488,21.4901,-30.2099,21.4911,-30.2054,0.921662,0.925451
263.2,21.2243,-30.9763,21.2253,-30.9719,0.911157,0.915648
267.997,20.9555,-31.731,20.9564,-31.7267,0.901757,0.906867
272.882,20.6838,-32.4738,20.6847,-32.4696,0.893339,0.898987
277.856,20.4095,-33.2046,20.4104,-33.2004,0.885783,0.891894
282.92,20.1329,-33.9231,20.1337,-33.9191,0.878972,0.885473
288.077,19.8541,-34.6293,19.855,-34.6254,0.872792,0.879617
293.328,19.5735,-35.323,19.5743,-35.3192,0.867139,0.874226
298.675,19.2912,-36.0041,19.292,-36.0003,0.861913,0.869204
304.119,19.0074,-36.6723,19.0082,-36.6687,0.857021,0.864465
309.662,18.7224,-37.3277,18.7231,-37.3242,0.852379,0.859929
315.306,18.4363,-37.9701,18.437,-37.9666,0.847908,0.855523
321.053,18.1493,-38.5993,18.15,-38.5959,0.843541,0.851183
326.905,17.8616,-39.2153,17.8623,-39.212,0.839214,0.84685
332.864,17.5734,-39.8178,17.574,-39.8146,0.834872,0.842473
338.931,17.2848,-40.4069,17.2854,-40.4037,0.830468,0.838009
345.109,16.996,-40.9823,16.9966,-40.9792,0.825959,0.833418
351.399,16.7072,-41.544,16.7078,-41.541,0.821309,0.828668
357.804,16.4184,-42.0917,16.419,-42.0888,0.81649,0.823732
364.326,16.1299,-42.6255,16.1305,-42.6227,0.811475,0.818587
370.966,15.8417,-43.1452,15.8423,-43.1424,0.806244,0.813217
377.728,15.554,-43.6505,15.5545,-43.6478,0.800782,0.807605
384.613,15.2668,-44.1415,15.2674,-44.1388,0.795076,0.801743
391.623,14.9804,-44.6178,14.9809,-44.6152,0.789119,0.795624
398.762,14.6947,-45.0794,14.6952,-45.0769,0.782904,0.789244
406.03,14.4099,-45.5261,14.4104,-45.5236,0.776429,0.7826
413.431,14.126,-45.9576,14.1265,-45.9552,0.769693,0.775695
420.966,13.8432,-46.3739,13.8437,-46.3715,0.7627,0.768531
428.639,13.5615,-46.7745,13.562,-46.7722,0.755452,0.761113
436.452,13.281,-47.1594,13.2815,-47.1572,0.747955,0.753447
444.408,13.0018,-47.5282,13.0022,-47.526,0.740217,0.745541
452.508,12.7238,-47.8807,12.7242,-47.8786,0.732245,0.737403
460.756,12.4472,-48.2165,12.4475,-48.2144,0.724048,0.729043
469.154,12.1719,-48.5353,12.1723,-48.5333,0.715637,0.720472
477.705,11.8981,-48.8367,11.8985,-48.8347,0.707023,0.7117
486.413,11.6258,-49.1203,11.6262,-49.1183,0.698217,0.702739
495.279,11.355,-49.3856,11.3554,-49.3836,0.68923,0.693602
504.306,11.0857,-49.632,11.0861,-49.6302,0.680075,0.6843
513.498,10.818,-49.8592,10.8184,-49.8574,0.670764,0.674847
522.858,10.5519,-50.0663,10.5522,-50.0645,0.661311,0.665255
532.388,10.2874,-50.2528,10.2877,-50.2511,0.651727,0.655536
542.092,10.0245,-50.4178,10.0248,-50.4161,0.642027,0.645704
551.973,9.76327,-50.5606,9.76356,-50.5589,0.632221,0.635772
562.034,9.50368,-50.6801,9.50396,-50.6784,0.622325,0.625752
572.278,9.24575,-50.7753,9.24603,-50.7737,0.612349,0.615657
582.709,8.9895,-50.8451,8.98977,-50.8435,0.602308,0.6055
593.33,8.73494,-50.8881,8.7352,-50.8866,0.592213,0.595293
604.145,8.48207,-50.9029,8.48232,-50.9014,0.582077,0.585049
615.157,8.23091,-50.8879,8.23116,-50.8864,0.571912,0.57478
626.369,7.98147,-50.8412,7.9817,-50.8398,0.56173,0.564497
637.786,7.73376,-50.7607,7.73398,-50.7594,0.551543,0.554213
649.411,7.48779,-50.6443,7.48801,-50.643,0.541363,0.543939
661.248,7.24359,-50.4892,7.2438,-50.4879,0.531201,0.533686
673.301,7.00117,-50.2925,7.00138,-50.2913,0.521069,0.523466
685.573,6.76057,-50.0509,6.76078,-50.0497,0.510977,0.513289
698.07,6.52183,-49.7605,6.52202,-49.7593,0.500936,0.503167
710.793,6.28498,-49.417,6.28517,-49.4158,0.490957,0.49311
723.749,6.05008,-49.0154,6.05027,-49.0143,0.481051,0.483128
736.941,5.81721,-48.5501,5.81739,-48.5491,0.471228,0.473232
750.373,5.58644,-48.0145,5.58661,-48.0135,0.461498,0.463431
764.051,5.35788,-47.401,5.35805,-47.4,0.451871,0.453735
777.977,5.13166,-46.7009,5.13182,-46.7,0.442357,0.444155
792.157,4.90793,-45.9041,4.90809,-45.9032,0.432965,0.434699
806.596,4.6869,-44.9987,4.68705,-44.9979,0.423704,0.425377
821.298,4.46879,-43.971,4.46894,-43.9702,0.414585,0.416199
836.268,4.2539,-42.8048,4.25405,-42.8041,0.405616,0.407173
851.511,4.0426,-41.4814,4.04274,-41.4807,0.396807,0.398307
867.032,3.83532,-39.9787,3.83545,-39.9781,0.388165,0.389612
882.835,3.6326,-38.2709,3.63274,-38.2704,0.379701,0.381095
898.927,3.43514,-36.3282,3.43527,-36.3278,0.371421,0.372765
915.312,3.24375,-34.116,3.24387,-34.1156,0.363335,0.36463
931.995,3.05946,-31.5949,3.05958,-31.5947,0.355451,0.356698
948.983,2.88353,-28.7213,2.88365,-28.7213,0.347776,0.348977
966.28,2.7175,-25.4481,2.71761,-25.4482,0.340318,0.341475
983.893,2.56322,-21.7276,2.56332,-21.7279,0.333085,0.334198
1001.83,2.42288,-17.5167,2.42298,-17.5172,0.326083,0.327154
1020.09,2.29903,-12.7847,2.29912,-12.7854,0.319319,0.320349
1038.68,2.19444,-7.52412,2.19452,-7.5251,0.312801,0.31379
1057.61,2.11201,-1.76414,2.11209,-1.76536,0.306532,0.307483
1076.89,2.05448,4.41836,2.05455,4.41692,0.300521,0.301433
1096.52,2.02406,10.895,2.02412,10.8934,0.29477,0.295645
1116.5,2.02211,17.4953,2.02216,17.4936,0.289285,0.290124
1136.86,2.04886,24.0298,2.0489,24.028,0.284069,0.284873
1157.58,2.1034,30.3201,2.10343,30.3183,0.279126,0.279895
1178.68,2.18387,36.225,2.18389,36.2233,0.274458,0.275193
1200.16,2.28775,41.6538,2.28776,41.6522,0.270066,0.270769
1222.04,2.41226,46.5654,2.41227,46.5639,0.265952,0.266623
1244.31,2.55467,50.9587,2.55467,50.9574,0.262115,0.262755
1266.99,2.71241,54.8595,2.71241,54.8583,0.258555,0.259165
1290.08,2.88326,58.3085,2.88326,58.3074,0.25527,0.25585
1313.6,3.06532,61.3528,3.06531,61.3519,0.252257,0.252808
1337.54,3.257,64.04,3.25698,64.0391,0.249512,0.250035
1361.92,3.457,66.4148,3.45698,66.414,0.24703,0.247527
1386.75,3.66426,68.5179,3.66425,68.5173,0.244807,0.245277
1412.02,3.87794,70.3852,3.87792,70.3846,0.242836,0.243281
1437.76,4.09734,72.0479,4.09732,72.0473,0.241109,0.24153
1463.97,4.3219,73.5327,4.32189,73.5322,0.239619,0.240016
1490.65,4.55119,74.8628,4.55117,74.8624,0.238357,0.238732
1517.82,4.78484,76.0578,4.78482,76.0574,0.237315,0.237668
1545.49,5.02257,77.1345,5.02256,77.1342,0.236482,0.236815
1573.66,5.26416,78.1075,5.26414,78.1072,0.235849,0.236162
1602.34,5.50943,78.989,5.50941,78.9887,0.235406,0.235699
1631.55,5.75824,79.7897,5.75822,79.7895,0.235141,0.235416
1661.28,6.01048,80.5188,6.01046,80.5185,0.235044,0.235302
1691.56,6.26609,81.1841,6.26607,81.1839,0.235105,0.235347
1722.4,6.525,81.7926,6.52498,81.7924,0.235312,0.235539
1753.79,6.78718,82.3502,6.78717,82.35,0.235656,0.235868
1785.76,7.05262,82.8621,7.0526,82.862,0.236126,0.236324
1818.31,7.3213,83.333,7.32128,83.3329,0.236711,0.236897
1851.45,7.59324,83.7669,7.59322,83.7668,0.237403,0.237576
1885.2,7.86845,84.1673,7.86844,84.1672,0.238191,0.238353
1919.56,8.14697,84.5373,8.14695,84.5372,0.239067,0.239217
1954.55,8.42882,84.8798,8.4288,84.8797,0.240021,0.240161
1990.17,8.71404,85.1971,8.71403,85.197,0.241045,0.241176
2026.45,9.0027,85.4915,9.00268,85.4915,0.242132,0.242254
2063.38,9.29483,85.7651,9.29481,85.765,0.243274,0.243387
2100.99,9.59049,86.0194,9.59048,86.0194,0.244463,0.244569
2139.29,9.88976,86.2562,9.88975,86.2562,0.245694,0.245792
2178.28,10.1927,86.4769,10.1927,86.4768,0.24696,0.247051
2217.99,10.4994,86.6827,10.4994,86.6826,0.248255,0.24834
2258.41,10.8099,86.8748,10.8098,86.8748,0.249573,0.249652
2299.58,11.1242,87.0543,11.1242,87.0543,0.250911,0.250984
2341.49,11.4426,87.2222,11.4426,87.2221,0.252263,0.252331
2384.17,11.765,87.3792,11.765,87.3792,0.253624,0.253688
2427.63,12.0915,87.5263,12.0915,87.5262,0.254992,0.255051
2471.88,12.4223,87.6641,12.4223,87.6641,0.256363,0.256418
2516.93,12.7574,87.7933,12.7574,87.7933,0.257732,0.257783
2562.81,13.0969,87.9145,13.0969,87.9145,0.259098,0.259145
2609.52,13.4409,88.0283,13.4409,88.0283,0.260457,0.260501
2657.09,13.7896,88.1352,13.7896,88.1351,0.261807,0.261848
2705.52,14.1429,88.2356,14.1429,88.2356,0.263147,0.263185
2754.83,14.5011,88.33,14.5011,88.33,0.264473,0.264508
2805.05,14.8642,88.4188,14.8642,88.4188,0.265784,0.265817
2856.17,15.2323,88.5024,15.2323,88.5024,0.267079,0.26711
2908.23,15.6056,88.5811,15.6056,88.5811,0.268356,0.268385
2961.24,15.9842,88.6552,15.9842,88.6552,0.269615,0.269641
3015.22,16.3681,88.725,16.3681,88.725,0.270853,0.270877
3070.18,16.7575,88.7909,16.7575,88.7909,0.27207,0.272093
3126.14,17.1525,88.8529,17.1525,88.8529,0.273266,0.273287
3183.12,17.5532,88.9115,17.5532,88.9115,0.274439,0.274458
3241.14,17.9598,88.9667,17.9598,88.9667,0.275589,0.275607
3300.21,18.3724,89.0189,18.3724,89.0189,0.276716,0.276733
3360.37,18.791,89.0681,18.791,89.0681,0.277819,0.277835
3421.62,19.216,89.1146,19.216,89.1146,0.278899,0.278913
3483.98,19.6473,89.1585,19.6472,89.1585,0.279954,0.279968
3547.49,20.0851,89.2001,20.085,89.2001,0.280985,0.280998
3612.15,20.5295,89.2393,20.5295,89.2393,0.281992,0.282004
3677.99,20.9807,89.2764,20.9807,89.2764,0.282975,0.282986
3745.03,21.4389,89.3115,21.4389,89.3115,0.283934,0.283944
3813.29,21.9041,89.3447,21.9041,89.3447,0.284868,0.284878
3882.79,22.3766,89.3762,22.3766,89.3762,0.285779,0.285788
3953.57,22.8564,89.4059,22.8564,89.4059,0.286667,0.286675
4025.63,23.3438,89.4341,23.3438,89.4341,0.287531,0.287538
4099,23.8388,89.4607,23.8388,89.4607,0.288372,0.288379
4173.72,24.3417,89.486,24.3417,89.486,0.28919,0.289197
4249.79,24.8526,89.5099,24.8526,89.5099,0.289986,0.289992
4327.25,25.3716,89.5326,25.3716,89.5326,0.29076,0.290765
4406.13,25.899,89.5541,25.899,89.5541,0.291512,0.291517
4486.44,26.4349,89.5745,26.4349,89.5745,0.292242,0.292247
4568.22,26.9795,89.5938,26.9795,89.5938,0.292952,0.292957
4651.48,27.5329,89.6122,27.5329,89.6122,0.293641,0.293646
4736.26,28.0953,89.6296,28.0953,89.6296,0.294311,0.294314
4822.59,28.6669,89.6461,28.6669,89.6461,0.29496,0.294964
4910.5,29.248,89.6617,29.248,89.6617,0.29559,0.295594
5000,29.8386,89.6766,29.8386,89.6766,0.296201,0.296205
