f_Hz,ReZdd_fpll30,ReZqq_fpll30,ReZdd_fpll100,ReZqq_fpll100
0.1,33.6456,-33.545,33.6456,-33.5453
0.101667,33.6456,-33.545,33.6456,-33.5453
0.103361,33.6456,-33.545,33.6456,-33.5453
0.105084,33.6456,-33.545,33.6456,-33.5453
0.106835,33.6456,-33.5449,33.6456,-33.5453
0.108616,33.6456,-33.5449,33.6456,-33.5453
0.110426,33.6456,-33.5449,33.6456,-33.5453
0.112267,33.6456,-33.5449,33.6457,-33.5453
0.114138,33.6456,-33.5449,33.6457,-33.5453
0.11604,33.6457,-33.5449,33.6457,-33.5453
0.117974,33.6457,-33.5448,33.6457,-33.5453
0.11994,33.6457,-33.5448,33.6457,-33.5453
0.121939,33.6457,-33.5448,33.6457,-33.5453
0.123972,33.6457,-33.5448,33.6457,-33.5453
0.126038,33.6457,-33.5448,33.6457,-33.5453
0.128138,33.6457,-33.5448,33.6457,-33.5453
0.130274,33.6457,-33.5447,33.6458,-33.5453
0.132445,33.6457,-33.5447,33.6458,-33.5453
0.134653,33.6458,-33.5447,33.6458,-33.5453
0.136897,33.6458,-33.5447,33.6458,-33.5453
0.139179,33.6458,-33.5446,33.6458,-33.5453
0.141498,33.6458,-33.5446,33.6458,-33.5453
0.143857,33.6458,-33.5446,33.6458,-33.5453
0.146254,33.6458,-33.5446,33.6459,-33.5453
0.148692,33.6458,-33.5445,33.6459,-33.5453
0.15117,33.6459,-33.5445,33.6459,-33.5453
0.15369,33.6459,-33.5445,33.6459,-33.5453
0.156251,33.6459,-33.5445,33.6459,-33.5453
0.158855,33.6459,-33.5444,33.6459,-33.5453
0.161503,33.6459,-33.5444,33.646,-33.5453
0.164195,33.6459,-33.5444,33.646,-33.5453
0.166931,33.646,-33.5443,33.646,-33.5453
0.169713,33.646,-33.5443,33.646,-33.5453
0.172542,33.646,-33.5443,33.646,-33.5453
0.175418,33.646,-33.5442,33.6461,-33.5453
0.178341,33.646,-33.5442,33.6461,-33.5453
0.181314,33.6461,-33.5441,33.6461,-33.5453
0.184336,33.6461,-33.5441,33.6461,-33.5453
0.187408,33.6461,-33.5441,33.6462,-33.5453
0.190531,33.6461,-33.544,33.6462,-33.5453
0.193707,33.6462,-33.544,33.6462,-33.5453
0.196935,33.6462,-33.5439,33.6462,-33.5453
0.200218,33.6462,-33.5439,33.6463,-33.5453
0.203555,33.6462,-33.5438,33.6463,-33.5453
0.206947,33.6463,-33.5438,33.6463,-33.5453
0.210396,33.6463,-33.5437,33.6464,-33.5453
0.213903,33.6463,-33.5437,33.6464,-33.5453
0.217468,33.6464,-33.5436,33.6464,-33.5453
0.221093,33.6464,-33.5435,33.6465,-33.5453
0.224778,33.6464,-33.5435,33.6465,-33.5453
0.228524,33.6465,-33.5434,33.6466,-33.5453
0.232333,33.6465,-33.5433,33.6466,-33.5453
0.236205,33.6466,-33.5433,33.6466,-33.5452
0.240142,33.6466,-33.5432,33.6467,-33.5452
0.244144,33.6466,-33.5431,33.6467,-33.5452
0.248213,33.6467,-33.5431,33.6468,-33.5452
0.25235,33.6467,-33.543,33.6468,-33.5452
0.256556,33.6468,-33.5429,33.6469,-33.5452
0.260832,33.6468,-33.5428,33.6469,-33.5452
0.265179,33.6469,-33.5427,33.647,-33.5452
0.269599,33.6469,-33.5426,33.647,-33.5452
0.274092,33.647,-33.5426,33.6471,-33.5452
0.27866,33.647,-33.5425,33.6471,-33.5452
0.283305,33.6471,-33.5424,33.6472,-33.5452
0.288026,33.6471,-33.5423,33.6473,-33.5452
0.292827,33.6472,-33.5422,33.6473,-33.5452
0.297707,33.6473,-33.5421,33.6474,-33.5452
0.302669,33.6473,-33.5419,33.6474,-33.5452
0.307714,33.6474,-33.5418,33.6475,-33.5452
0.312842,33.6474,-33.5417,33.6476,-33.5452
0.318056,33.6475,-33.5416,33.6477,-33.5452
0.323357,33.6476,-33.5415,33.6477,-33.5451
0.328747,33.6477,-33.5413,33.6478,-33.5451
0.334226,33.6477,-33.5412,33.6479,-33.5451
0.339796,33.6478,-33.541,33.648,-33.5451
0.34546,33.6479,-33.5409,33.6481,-33.5451
0.351217,33.648,-33.5408,33.6482,-33.5451
0.357071,33.6481,-33.5406,33.6483,-33.5451
0.363022,33.6482,-33.5404,33.6484,-33.5451
0.369073,33.6483,-33.5403,33.6485,-33.5451
0.375224,33.6484,-33.5401,33.6486,-33.5451
0.381478,33.6485,-33.5399,33.6487,-33.5451
0.387836,33.6486,-33.5397,33.6488,-33.545
0.3943,33.6487,-33.5395,33.6489,-33.545
0.400871,33.6488,-33.5394,33.649,-33.545
0.407553,33.6489,-33.5392,33.6491,-33.545
0.414345,33.649,-33.5389,33.6493,-33.545
0.421251,33.6491,-33.5387,33.6494,-33.545
0.428272,33.6493,-33.5385,33.6495,-33.545
0.43541,33.6494,-33.5383,33.6497,-33.545
0.442667,33.6495,-33.538,33.6498,-33.545
0.450044,33.6497,-33.5378,33.65,-33.5449
0.457545,33.6498,-33.5375,33.6501,-33.5449
0.465171,33.65,-33.5373,33.6503,-33.5449
0.472924,33.6501,-33.537,33.6504,-33.5449
0.480806,33.6503,-33.5367,33.6506,-33.5449
0.48882,33.6504,-33.5364,33.6508,-33.5449
0.496967,33.6506,-33.5361,33.651,-33.5448
0.505249,33.6508,-33.5358,33.6511,-33.5448
0.51367,33.651,-33.5355,33.6513,-33.5448
0.522232,33.6511,-33.5352,33.6515,-33.5448
0.530935,33.6513,-33.5348,33.6517,-33.5448
0.539784,33.6515,-33.5345,33.652,-33.5447
0.548781,33.6517,-33.5341,33.6522,-33.5447
0.557927,33.652,-33.5337,33.6524,-33.5447
0.567226,33.6522,-33.5333,33.6526,-33.5447
0.57668,33.6524,-33.5329,33.6529,-33.5447
0.586291,33.6526,-33.5325,33.6531,-33.5446
0.596063,33.6529,-33.5321,33.6534,-33.5446
0.605997,33.6531,-33.5316,33.6537,-33.5446
0.616097,33.6534,-33.5312,33.6539,-33.5446
0.626366,33.6537,-33.5307,33.6542,-33.5445
0.636805,33.6539,-33.5302,33.6545,-33.5445
0.647419,33.6542,-33.5297,33.6548,-33.5445
0.658209,33.6545,-33.5292,33.6551,-33.5444
0.669179,33.6548,-33.5286,33.6555,-33.5444
0.680332,33.6551,-33.528,33.6558,-33.5444
0.691671,33.6555,-33.5275,33.6562,-33.5443
0.703199,33.6558,-33.5269,33.6565,-33.5443
0.714919,33.6561,-33.5262,33.6569,-33.5443
0.726835,33.6565,-33.5256,33.6573,-33.5442
0.738949,33.6569,-33.5249,33.6577,-33.5442
0.751265,33.6573,-33.5243,33.6581,-33.5442
0.763786,33.6577,-33.5235,33.6585,-33.5441
0.776516,33.6581,-33.5228,33.6589,-33.5441
0.789458,33.6585,-33.5221,33.6594,-33.544
0.802615,33.6589,-33.5213,33.6599,-33.544
0.815992,33.6594,-33.5205,33.6603,-33.5439
0.829592,33.6598,-33.5196,33.6608,-33.5439
0.843419,33.6603,-33.5188,33.6614,-33.5438
0.857476,33.6608,-33.5179,33.6619,-33.5438
0.871767,33.6613,-33.5169,33.6624,-33.5437
0.886297,33.6619,-33.516,33.663,-33.5437
0.901069,33.6624,-33.515,33.6636,-33.5436
0.916087,33.663,-33.514,33.6642,-33.5436
0.931355,33.6635,-33.5129,33.6648,-33.5435
0.946878,33.6641,-33.5118,33.6655,-33.5434
0.962659,33.6648,-33.5107,33.6661,-33.5434
0.978703,33.6654,-33.5095,33.6668,-33.5433
0.995015,33.6661,-33.5083,33.6675,-33.5432
1.0116,33.6668,-33.5071,33.6683,-33.5432
1.02846,33.6675,-33.5058,33.669,-33.5431
1.0456,33.6682,-33.5045,33.6698,-33.543
1.06303,33.6689,-33.5031,33.6706,-33.5429
1.08074,33.6697,-33.5017,33.6714,-33.5428
1.09876,33.6705,-33.5002,33.6723,-33.5428
1.11707,33.6713,-33.4987,33.6732,-33.5427
1.13569,33.6722,-33.4971,33.6741,-33.5426
1.15462,33.6731,-33.4955,33.675,-33.5425
1.17386,33.674,-33.4938,33.676,-33.5424
1.19342,33.6749,-33.4921,33.677,-33.5423
1.21331,33.6759,-33.4903,33.6781,-33.5422
1.23354,33.6769,-33.4885,33.6791,-33.5421
1.2541,33.6779,-33.4865,33.6803,-33.5419
1.275,33.679,-33.4846,33.6814,-33.5418
1.29625,33.6801,-33.4825,33.6826,-33.5417
1.31785,33.6812,-33.4804,33.6838,-33.5416
1.33982,33.6824,-33.4782,33.6851,-33.5414
1.36215,33.6836,-33.476,33.6863,-33.5413
1.38485,33.6848,-33.4737,33.6877,-33.5412
1.40793,33.6861,-33.4712,33.6891,-33.541
1.4314,33.6874,-33.4688,33.6905,-33.5409
1.45525,33.6888,-33.4662,33.692,-33.5407
1.47951,33.6902,-33.4635,33.6935,-33.5406
1.50417,33.6916,-33.4608,33.695,-33.5404
1.52923,33.6931,-33.4579,33.6966,-33.5402
1.55472,33.6947,-33.455,33.6983,-33.54
1.58063,33.6962,-33.452,33.7,-33.5399
1.60698,33.6979,-33.4488,33.7018,-33.5397
1.63376,33.6996,-33.4456,33.7036,-33.5395
1.66099,33.7013,-33.4422,33.7055,-33.5393
1.68867,33.7031,-33.4388,33.7074,-33.539
1.71682,33.7049,-33.4352,33.7094,-33.5388
1.74543,33.7068,-33.4315,33.7115,-33.5386
1.77452,33.7088,-33.4277,33.7136,-33.5384
1.8041,33.7108,-33.4237,33.7158,-33.5381
1.83417,33.7128,-33.4196,33.718,-33.5378
1.86474,33.715,-33.4154,33.7203,-33.5376
1.89582,33.7172,-33.4111,33.7227,-33.5373
1.92741,33.7194,-33.4066,33.7252,-33.537
1.95954,33.7218,-33.4019,33.7277,-33.5367
1.9922,33.7241,-33.3971,33.7303,-33.5364
2.0254,33.7266,-33.3921,33.733,-33.5361
2.05916,33.7291,-33.387,33.7357,-33.5358
2.09348,33.7317,-33.3817,33.7386,-33.5354
2.12837,33.7344,-33.3762,33.7415,-33.5351
2.16384,33.7372,-33.3705,33.7445,-33.5347
2.19991,33.74,-33.3646,33.7476,-33.5343
2.23657,33.7429,-33.3586,33.7508,-33.5339
2.27385,33.7459,-33.3523,33.7541,-33.5335
2.31174,33.749,-33.3458,33.7574,-33.5331
2.35027,33.7521,-33.3391,33.7609,-33.5326
2.38945,33.7554,-33.3322,33.7645,-33.5322
2.42927,33.7587,-33.3251,33.7681,-33.5317
2.46976,33.7621,-33.3177,33.7719,-33.5312
2.51092,33.7656,-33.3101,33.7758,-33.5307
2.55277,33.7692,-33.3022,33.7797,-33.5302
2.59532,33.7729,-33.294,33.7838,-33.5296
2.63857,33.7767,-33.2856,33.788,-33.529
2.68255,33.7806,-33.2769,33.7923,-33.5284
2.72726,33.7846,-33.2679,33.7967,-33.5278
2.77271,33.7886,-33.2586,33.8013,-33.5271
2.81892,33.7928,-33.249,33.8059,-33.5265
2.86591,33.7971,-33.2391,33.8107,-33.5258
2.91367,33.8015,-33.2289,33.8156,-33.525
2.96223,33.806,-33.2183,33.8206,-33.5243
3.0116,33.8106,-33.2073,33.8258,-33.5235
3.0618,33.8153,-33.196,33.831,-33.5227
3.11283,33.8201,-33.1843,33.8364,-33.5218
3.16471,33.825,-33.1723,33.842,-33.521
3.21746,33.83,-33.1598,33.8477,-33.52
3.27108,33.8351,-33.1469,33.8535,-33.5191
3.3256,33.8404,-33.1336,33.8594,-33.5181
3.38103,33.8457,-33.1198,33.8655,-33.5171
3.43738,33.8512,-33.1056,33.8717,-33.516
3.49467,33.8567,-33.0909,33.8781,-33.5149
3.55291,33.8624,-33.0758,33.8846,-33.5137
3.61213,33.8682,-33.0601,33.8912,-33.5125
3.67233,33.8741,-33.0439,33.898,-33.5112
3.73353,33.88,-33.0272,33.905,-33.5099
3.79576,33.8861,-33.0099,33.912,-33.5085
3.85902,33.8923,-32.9921,33.9193,-33.5071
3.92334,33.8987,-32.9737,33.9266,-33.5056
3.98873,33.9051,-32.9546,33.9342,-33.5041
4.05521,33.9116,-32.935,33.9418,-33.5025
4.1228,33.9182,-32.9147,33.9496,-33.5008
4.19151,33.9249,-32.8937,33.9576,-33.4991
4.26137,33.9316,-32.8721,33.9657,-33.4973
4.33239,33.9385,-32.8497,33.974,-33.4954
4.4046,33.9455,-32.8267,33.9823,-33.4934
4.47801,33.9525,-32.8028,33.9909,-33.4914
4.55264,33.9596,-32.7782,33.9996,-33.4892
4.62852,33.9668,-32.7528,34.0084,-33.487
4.70567,33.9741,-32.7266,34.0173,-33.4847
4.78409,33.9814,-32.6995,34.0264,-33.4823
4.86383,33.9887,-32.6716,34.0356,-33.4798
4.94489,33.9962,-32.6427,34.045,-33.4771
5.02731,34.0036,-32.6129,34.0544,-33.4744
5.1111,34.0111,-32.5822,34.064,-33.4716
5.19628,34.0186,-32.5505,34.0737,-33.4686
5.28289,34.0262,-32.5178,34.0835,-33.4655
5.37094,34.0337,-32.484,34.0935,-33.4623
5.46045,34.0413,-32.4491,34.1035,-33.459
5.55146,34.0489,-32.4132,34.1137,-33.4555
5.64399,34.0564,-32.3761,34.1239,-33.4518
5.73805,34.0639,-32.3379,34.1342,-33.4481
5.83369,34.0714,-32.2984,34.1446,-33.4441
5.93092,34.0789,-32.2578,34.1551,-33.44
6.02977,34.0863,-32.2158,34.1657,-33.4357
6.13026,34.0936,-32.1726,34.1763,-33.4313
6.23244,34.1009,-32.128,34.187,-33.4266
6.33631,34.108,-32.0821,34.1977,-33.4218
6.44192,34.1151,-32.0347,34.2085,-33.4168
6.54928,34.122,-31.9859,34.2193,-33.4115
6.65844,34.1289,-31.9356,34.2301,-33.4061
6.76941,34.1355,-31.8838,34.241,-33.4004
6.88224,34.1421,-31.8304,34.2518,-33.3945
6.99694,34.1484,-31.7755,34.2627,-33.3884
7.11356,34.1546,-31.7188,34.2735,-33.3819
7.23212,34.1606,-31.6606,34.2844,-33.3753
7.35265,34.1663,-31.6006,34.2952,-33.3684
7.4752,34.1719,-31.5388,34.3059,-33.3611
7.59979,34.1772,-31.4752,34.3167,-33.3536
7.72645,34.1822,-31.4099,34.3273,-33.3458
7.85522,34.187,-31.3426,34.3379,-33.3377
7.98615,34.1915,-31.2734,34.3484,-33.3293
8.11925,34.1956,-31.2022,34.3589,-33.3205
8.25457,34.1995,-31.1291,34.3692,-33.3113
8.39215,34.203,-31.0539,34.3794,-33.3019
8.53202,34.2062,-30.9766,34.3895,-33.292
8.67422,34.209,-30.8972,34.3994,-33.2817
8.81879,34.2114,-30.8156,34.4092,-33.2711
8.96577,34.2134,-30.7318,34.4188,-33.26
9.1152,34.2151,-30.6458,34.4283,-33.2485
9.26712,34.2163,-30.5575,34.4376,-33.2366
9.42158,34.217,-30.4669,34.4467,-33.2242
9.5786,34.2173,-30.3739,34.4556,-33.2113
9.73825,34.2172,-30.2785,34.4643,-33.1979
9.90055,34.2165,-30.1807,34.4727,-33.1841
10.0656,34.2154,-30.0804,34.4809,-33.1697
10.2333,34.2137,-29.9776,34.4889,-33.1547
10.4039,34.2116,-29.8723,34.4965,-33.1392
10.5773,34.2089,-29.7644,34.5039,-33.1231
10.7536,34.2057,-29.6538,34.5111,-33.1064
10.9328,34.2019,-29.5407,34.5179,-33.0891
11.115,34.1976,-29.4249,34.5244,-33.0712
11.3003,34.1926,-29.3064,34.5306,-33.0526
11.4886,34.1872,-29.1852,34.5365,-33.0333
11.6801,34.1811,-29.0612,34.542,-33.0134
11.8747,34.1744,-28.9345,34.5471,-32.9927
12.0727,34.1672,-28.805,34.5519,-32.9712
12.2739,34.1593,-28.6727,34.5563,-32.949
12.4784,34.1508,-28.5376,34.5603,-32.926
12.6864,34.1417,-28.3996,34.5639,-32.9022
12.8979,34.132,-28.2587,34.5671,-32.8775
13.1128,34.1217,-28.115,34.5699,-32.8519
13.3314,34.1108,-27.9685,34.5722,-32.8255
13.5536,34.0992,-27.819,34.5741,-32.7981
13.7795,34.087,-27.6666,34.5755,-32.7698
14.0091,34.0742,-27.5113,34.5765,-32.7405
14.2426,34.0608,-27.3531,34.577,-32.7102
14.48,34.0467,-27.1921,34.577,-32.6789
14.7213,34.032,-27.0281,34.5765,-32.6464
14.9667,34.0168,-26.8612,34.5754,-32.6129
15.2161,34.0009,-26.6914,34.5739,-32.5782
15.4697,33.9844,-26.5187,34.5718,-32.5424
15.7276,33.9673,-26.3431,34.5691,-32.5054
15.9897,33.9496,-26.1647,34.5659,-32.4671
16.2562,33.9313,-25.9834,34.5621,-32.4275
16.5271,33.9125,-25.7993,34.5578,-32.3867
16.8026,33.8931,-25.6123,34.5528,-32.3445
17.0826,33.8731,-25.4225,34.5472,-32.3009
17.3673,33.8526,-25.23,34.541,-32.2558
17.6568,33.8316,-25.0346,34.5342,-32.2093
17.9511,33.81,-24.8366,34.5267,-32.1613
18.2502,33.7879,-24.6358,34.5186,-32.1117
18.5544,33.7652,-24.4323,34.5098,-32.0606
18.8637,33.7421,-24.2261,34.5003,-32.0078
19.1781,33.7185,-24.0173,34.4901,-31.9533
19.4977,33.6944,-23.8059,34.4792,-31.8971
19.8227,33.6699,-23.5919,34.4676,-31.8391
20.153,33.6449,-23.3754,34.4552,-31.7793
20.4889,33.6195,-23.1563,34.4421,-31.7176
20.8304,33.5936,-22.9348,34.4282,-31.654
21.1776,33.5674,-22.7108,34.4135,-31.5885
21.5305,33.5407,-22.4844,34.398,-31.5209
21.8894,33.5136,-22.2556,34.3817,-31.4512
22.2542,33.4861,-22.0245,34.3646,-31.3794
22.6251,33.4583,-21.7911,34.3466,-31.3054
23.0022,33.4301,-21.5554,34.3278,-31.2292
23.3856,33.4016,-21.3175,34.308,-31.1507
23.7753,33.3727,-21.0774,34.2874,-31.0698
24.1716,33.3435,-20.8351,34.2659,-30.9865
24.5745,33.314,-20.5907,34.2434,-30.9008
24.984,33.2841,-20.3443,34.22,-30.8125
25.4004,33.254,-20.0958,34.1956,-30.7217
25.8238,33.2235,-19.8453,34.1702,-30.6282
26.2542,33.1927,-19.5929,34.1438,-30.532
26.6918,33.1617,-19.3385,34.1163,-30.433
27.1366,33.1303,-19.0823,34.0878,-30.3313
27.5889,33.0987,-18.8243,34.0583,-30.2266
28.0487,33.0668,-18.5645,34.0276,-30.119
28.5162,33.0346,-18.3029,33.9959,-30.0084
28.9915,33.0021,-18.0397,33.963,-29.8947
29.4747,32.9693,-17.7748,33.9289,-29.7779
29.9659,32.9362,-17.5083,33.8937,-29.6579
30.4654,32.9029,-17.2403,33.8572,-29.5346
30.9731,32.8692,-16.9707,33.8196,-29.408
31.4893,32.8352,-16.6997,33.7807,-29.2781
32.0142,32.801,-16.4274,33.7405,-29.1446
32.5477,32.7664,-16.1536,33.699,-29.0077
33.0902,32.7314,-15.8786,33.6563,-28.8673
33.6417,32.6961,-15.6024,33.6121,-28.7232
34.2024,32.6605,-15.3251,33.5666,-28.5754
34.7725,32.6244,-15.0466,33.5198,-28.4239
35.352,32.588,-14.7671,33.4715,-28.2686
35.9412,32.5511,-14.4867,33.4217,-28.1095
36.5402,32.5138,-14.2053,33.3705,-27.9464
37.1492,32.4761,-13.9232,33.3178,-27.7795
37.7684,32.4379,-13.6404,33.2636,-27.6085
38.3979,32.3991,-13.3569,33.2079,-27.4335
39.0378,32.3598,-13.0728,33.1505,-27.2544
39.6885,32.32,-12.7883,33.0916,-27.0712
40.35,32.2795,-12.5035,33.0311,-26.8838
41.0225,32.2384,-12.2183,32.9689,-26.6923
41.7062,32.1966,-11.933,32.9051,-26.4965
42.4013,32.1541,-11.6477,32.8395,-26.2964
43.108,32.1109,-11.3623,32.7723,-26.0921
43.8264,32.0669,-11.0772,32.7033,-25.8834
44.5569,32.022,-10.7923,32.6325,-25.6705
45.2995,31.9762,-10.5079,32.5599,-25.4531
46.0545,31.9295,-10.224,32.4855,-25.2315
46.8221,31.8818,-9.94068,32.4092,-25.0055
47.6025,31.833,-9.65821,32.3311,-24.7751
48.3958,31.7832,-9.37666,32.2511,-24.5404
49.2024,31.7322,-9.09619,32.1691,-24.3014
50.0225,31.6799,-8.81692,32.0852,-24.0581
50.8562,31.6264,-8.53901,31.9993,-23.8104
51.7038,31.5715,-8.26261,31.9114,-23.5585
52.5655,31.5152,-7.98785,31.8214,-23.3024
53.4416,31.4574,-7.7149,31.7295,-23.0421
54.3323,31.3981,-7.44391,31.6354,-22.7776
55.2379,31.3371,-7.17503,31.5392,-22.509
56.1585,31.2743,-6.90842,31.441,-22.2364
57.0945,31.2098,-6.64423,31.3405,-21.9599
58.0461,31.1434,-6.38261,31.2379,-21.6795
59.0135,31.0751,-6.12373,31.1331,-21.3952
59.9971,31.0047,-5.86773,31.026,-21.1072
60.9971,30.9321,-5.61476,30.9167,-20.8156
62.0137,30.8573,-5.36498,30.8051,-20.5205
63.0472,30.7802,-5.11853,30.6912,-20.222
64.098,30.7007,-4.87556,30.575,-19.9202
65.1663,30.6187,-4.63621,30.4565,-19.6152
66.2525,30.5341,-4.40062,30.3355,-19.3072
67.3567,30.4468,-4.16891,30.2122,-18.9962
68.4793,30.3567,-3.94121,30.0864,-18.6826
69.6206,30.2637,-3.71765,29.9582,-18.3663
70.781,30.1677,-3.49835,29.8275,-18.0476
71.9607,30.0686,-3.28341,29.6943,-17.7266
73.16,29.9664,-3.07293,29.5586,-17.4035
74.3794,29.8608,-2.86702,29.4204,-17.0784
75.619,29.7519,-2.66576,29.2795,-16.7517
76.8793,29.6395,-2.46924,29.1361,-16.4233
78.1607,29.5236,-2.27752,28.99,-16.0937
79.4634,29.404,-2.09067,28.8413,-15.7628
80.7878,29.2806,-1.90875,28.69,-15.4311
82.1342,29.1534,-1.7318,28.5359,-15.0985
83.5031,29.0223,-1.55986,28.3791,-14.7655
84.8949,28.8872,-1.39297,28.2195,-14.4321
86.3098,28.748,-1.23114,28.0572,-14.0986
87.7483,28.6047,-1.07439,27.8921,-13.7653
89.2108,28.4572,-0.922714,27.7242,-13.4323
90.6976,28.3054,-0.776108,27.5534,-13.0999
92.2093,28.1493,-0.634556,27.3798,-12.7683
93.7461,27.9888,-0.498035,27.2034,-12.4377
95.3086,27.8238,-0.36651,27.024,-12.1084
96.897,27.6545,-0.239941,26.8418,-11.7805
98.512,27.4806,-0.118277,26.6566,-11.4543
100.154,27.3022,-0.00146093,26.4685,-11.1301
101.823,27.1192,0.110573,26.2774,-10.808
103.52,26.9317,0.217897,26.0835,-10.4882
105.246,26.7397,0.32059,25.8865,-10.171
107,26.5432,0.418739,25.6866,-9.85658
108.783,26.3421,0.512436,25.4838,-9.54512
110.596,26.1365,0.601778,25.2781,-9.23684
112.439,25.9265,0.686867,25.0694,-8.93191
114.313,25.7121,0.767812,24.8577,-8.63054
116.219,25.4933,0.844724,24.6432,-8.33288
118.156,25.2702,0.917717,24.4258,-8.03912
120.125,25.0429,0.986912,24.2055,-7.74943
122.127,24.8115,1.05243,23.9825,-7.46394
124.162,24.5761,1.11439,23.7566,-7.18281
126.232,24.3366,1.17292,23.528,-6.90619
128.336,24.0934,1.22815,23.2967,-6.63419
130.475,23.8464,1.2802,23.0627,-6.36693
132.649,23.5959,1.32921,22.8261,-6.10453
134.86,23.3418,1.37529,22.5871,-5.84709
137.108,23.0845,1.41859,22.3455,-5.59469
139.393,22.824,1.45921,22.1016,-5.34742
141.716,22.5605,1.49729,21.8554,-5.10535
144.078,22.2942,1.53295,21.607,-4.86853
146.479,22.0252,1.56631,21.3565,-4.63701
148.921,21.7536,1.59749,21.1039,-4.41085
151.403,21.4798,1.62661,20.8495,-4.19006
153.926,21.2039,1.65377,20.5932,-3.97467
156.492,20.926,1.6791,20.3353,-3.76468
159.1,20.6463,1.70269,20.0758,-3.56011
161.751,20.3651,1.72465,19.8149,-3.36094
164.447,20.0826,1.74508,19.5527,-3.16716
167.188,19.7989,1.76407,19.2893,-2.97874
169.975,19.5143,1.78172,19.0249,-2.79565
172.808,19.2289,1.79812,18.7596,-2.61786
175.688,18.943,1.81335,18.4936,-2.44531
178.616,18.6567,1.82749,18.2271,-2.27794
181.593,18.3703,1.84061,17.9601,-2.11571
184.619,18.0839,1.8528,17.6929,-1.95853
187.696,17.7979,1.86411,17.4255,-1.80635
190.825,17.5122,1.87462,17.1582,-1.65908
194.005,17.2272,1.88437,16.8911,-1.51663
197.238,16.9431,1.89344,16.6244,-1.37893
200.526,16.6599,1.90187,16.3582,-1.24589
203.868,16.378,1.90971,16.0927,-1.1174
207.266,16.0974,1.917,15.828,-0.993376
210.72,15.8184,1.9238,15.5644,-0.873716
214.232,15.541,1.93013,15.3019,-0.758318
217.803,15.2656,1.93604,15.0406,-0.647079
221.433,14.9921,1.94156,14.7809,-0.539897
225.123,14.7208,1.94672,14.5227,-0.436666
228.876,14.4517,1.95154,14.2662,-0.337281
232.69,14.1851,1.95605,14.0117,-0.241636
236.568,13.9211,1.96027,13.7591,-0.149625
240.511,13.6597,1.96423,13.5086,-0.0611439
244.52,13.4011,1.96793,13.2604,0.0239124
248.595,13.1454,1.9714,13.0145,0.105647
252.738,12.8927,1.97465,12.7711,0.184163
256.951,12.6431,1.97769,12.5302,0.25956
261.233,12.3966,1.98054,12.2921,0.331939
265.587,12.1533,1.98319,12.0566,0.401396
270.014,11.9134,1.98566,11.824,0.468028
274.514,11.6768,1.98795,11.5944,0.531927
279.089,11.4436,1.99007,11.3677,0.593187
283.741,11.2139,1.99203,11.1441,0.651895
288.47,10.9877,1.99381,10.9236,0.708139
293.278,10.7651,1.99543,10.7063,0.762004
298.166,10.546,1.99689,10.4922,0.813571
303.135,10.3305,1.99819,10.2813,0.86292
308.187,10.1187,1.99932,10.0738,0.910129
313.324,9.91049,2.00028,9.86956,0.955272
318.546,9.70594,2.00108,9.6687,0.998421
323.855,9.50502,2.00171,9.47121,1.03965
329.253,9.30775,2.00216,9.27711,1.07901
334.74,9.11412,2.00244,9.0864,1.11659
340.319,8.92412,2.00254,8.89909,1.15243
345.991,8.73773,2.00246,8.71517,1.18661
351.758,8.55492,2.00219,8.53465,1.21917
357.62,8.37569,2.00173,8.35751,1.25017
363.581,8.2,2.00107,8.18373,1.27967
369.641,8.02782,2.00022,8.01331,1.30771
375.801,7.85912,1.99916,7.84621,1.33435
382.065,7.69386,1.99789,7.68241,1.35963
388.432,7.53201,1.99641,7.52189,1.38359
394.906,7.37352,1.99472,7.36461,1.40628
401.488,7.21835,1.9928,7.21053,1.42774
408.18,7.06645,1.99065,7.05963,1.44801
414.983,6.91778,1.98827,6.91186,1.46712
421.899,6.77228,1.98566,6.76717,1.48511
428.931,6.62992,1.9828,6.62554,1.50202
436.08,6.49062,1.97971,6.4869,1.51787
443.348,6.35435,1.97636,6.35122,1.5327
450.737,6.22105,1.97276,6.21844,1.54653
458.249,6.09066,1.9689,6.08852,1.5594
465.887,5.96312,1.96478,5.9614,1.57133
473.652,5.83839,1.9604,5.83704,1.58235
481.546,5.71639,1.95574,5.71537,1.59248
489.572,5.59709,1.95082,5.59635,1.60174
497.731,5.48041,1.94562,5.47993,1.61016
506.027,5.3663,1.94014,5.36604,1.61775
514.461,5.25471,1.93438,5.25464,1.62455
523.035,5.14557,1.92833,5.14567,1.63056
531.752,5.03884,1.922,5.03908,1.6358
540.615,4.93444,1.91537,4.9348,1.64031
549.625,4.83233,1.90846,4.8328,1.64408
558.786,4.73245,1.90125,4.733,1.64714
568.099,4.63475,1.89374,4.63537,1.6495
577.567,4.53916,1.88594,4.53984,1.65118
587.194,4.44565,1.87783,4.44637,1.65219
596.98,4.35414,1.86943,4.3549,1.65255
606.93,4.2646,1.86072,4.26539,1.65227
617.046,4.17696,1.85171,4.17777,1.65136
627.33,4.09119,1.84239,4.092,1.64984
637.785,4.00722,1.83278,4.00804,1.64772
648.415,3.92502,1.82286,3.92584,1.645
659.222,3.84452,1.81263,3.84534,1.64172
670.209,3.7657,1.80211,3.7665,1.63786
681.379,3.68849,1.79128,3.68929,1.63345
692.736,3.61287,1.78015,3.61364,1.6285
704.281,3.53878,1.76872,3.53953,1.62302
716.02,3.46617,1.757,3.46691,1.61701
727.953,3.39503,1.74498,3.39574,1.6105
740.086,3.32529,1.73266,3.32599,1.60349
752.421,3.25693,1.72006,3.2576,1.59599
764.961,3.1899,1.70717,3.19055,1.58801
777.711,3.12418,1.69399,3.1248,1.57956
790.673,3.05972,1.68053,3.06032,1.57066
803.851,2.99649,1.6668,2.99707,1.56131
817.248,2.93447,1.6528,2.93502,1.55153
830.869,2.87361,1.63853,2.87414,1.54132
844.717,2.8139,1.62399,2.8144,1.5307
858.796,2.75529,1.60921,2.75577,1.51968
873.109,2.69777,1.59417,2.69823,1.50827
887.661,2.6413,1.57888,2.64174,1.49648
902.455,2.58587,1.56336,2.58628,1.48432
917.496,2.53144,1.54761,2.53183,1.47181
932.788,2.478,1.53164,2.47837,1.45895
948.335,2.42552,1.51544,2.42587,1.44576
964.14,2.37397,1.49904,2.37431,1.43225
980.209,2.32335,1.48245,2.32367,1.41844
996.546,2.27363,1.46565,2.27393,1.40432
1013.16,2.22479,1.44868,2.22507,1.38993
1030.04,2.17682,1.43153,2.17708,1.37526
1047.21,2.12969,1.41422,2.12994,1.36033
1064.66,2.0834,1.39675,2.08363,1.34516
1082.41,2.03792,1.37914,2.03814,1.32976
1100.45,1.99324,1.36139,1.99345,1.31414
1118.79,1.94935,1.34352,1.94955,1.29831
1137.43,1.90624,1.32554,1.90643,1.28229
1156.39,1.8639,1.30745,1.86407,1.26609
1175.67,1.8223,1.28927,1.82246,1.24972
1195.26,1.78144,1.271,1.78159,1.2332
1215.18,1.74131,1.25267,1.74146,1.21655
1235.43,1.70191,1.23427,1.70204,1.19976
1256.03,1.66321,1.21583,1.66333,1.18287
1276.96,1.62521,1.19734,1.62532,1.16587
1298.24,1.5879,1.17883,1.58801,1.14879
1319.88,1.55127,1.16031,1.55137,1.13164
1341.88,1.51532,1.14178,1.51541,1.11442
1364.24,1.48003,1.12326,1.48012,1.09716
1386.98,1.4454,1.10476,1.44548,1.07987
1410.1,1.41141,1.08628,1.41149,1.06256
1433.6,1.37808,1.06784,1.37815,1.04523
1457.49,1.34537,1.04946,1.34544,1.02791
1481.78,1.3133,1.03113,1.31336,1.01061
1506.48,1.28184,1.01288,1.2819,0.993335
1531.59,1.251,0.994706,1.25105,0.9761
1557.11,1.22076,0.976624,1.22082,0.958915
1583.07,1.19113,0.958642,1.19118,0.941792
1609.45,1.16209,0.940771,1.16214,0.924742
1636.28,1.13364,0.923018,1.13368,0.907775
1663.55,1.10577,0.905393,1.1058,0.890902
1691.27,1.07847,0.887905,1.0785,0.874132
1719.46,1.05173,0.870561,1.05177,0.857475
1748.12,1.02556,0.85337,1.02559,0.840939
1777.25,0.999945,0.836339,0.999974,0.824534
1806.88,0.974874,0.819475,0.974901,0.808268
1836.99,0.950344,0.802785,0.950369,0.792149
1867.61,0.926347,0.786277,0.92637,0.776185
1898.73,0.902876,0.769955,0.902898,0.760382
1930.38,0.879925,0.753826,0.879946,0.744748
1962.55,0.857488,0.737896,0.857506,0.729289
1995.26,0.835555,0.722169,0.835573,0.714011
